HC编码,HC名称,员工类型,部门ID,二级部门,三级部门,四级部门,科目名称,1月,2月,3月,4月,5月,6月,7月,8月,9月,10月,11月,12月,全年
Pool-Diff-09,补差额,正编,1900006,游戏工作室群,幻塔工作室,,HC,0,0,0,0,0,0,0,0,0,0,0,0,0
Pool-Diff-09,补差额,正编,1900006,游戏工作室群,幻塔工作室,,工资,0.00,0.00,"-2,000.00","-2,000.00","-2,000.00","-2,000.00","-2,000.00","-2,000.00","-2,000.00","-2,000.00","-2,000.00","-2,000.00","-20,000.00"
Pool-Diff-09,补差额,正编,1900006,游戏工作室群,幻塔工作室,,饭补,0.00,0.00,0.00,0.00,0.00,0.00,0.00,0.00,0.00,0.00,0.00,0.00,0.00
Pool-Diff-09,补差额,正编,1900006,游戏工作室群,幻塔工作室,,绩效浮动,0.00,0.00,0.00,0.00,0.00,0.00,0.00,0.00,0.00,0.00,0.00,0.00,0.00
Pool-Diff-09,补差额,正编,1900006,游戏工作室群,幻塔工作室,,社保总额,0.00,0.00,0.00,0.00,0.00,0.00,0.00,0.00,0.00,0.00,0.00,0.00,0.00
Pool-Diff-09,补差额,正编,1900006,游戏工作室群,幻塔工作室,,公积金总额,0.00,0.00,0.00,0.00,0.00,0.00,0.00,0.00,0.00,0.00,0.00,0.00,0.00
Pool-Diff-09,补差额,正编,1900006,游戏工作室群,幻塔工作室,,工会经费,0.00,0.00,0.00,0.00,0.00,0.00,0.00,0.00,0.00,0.00,0.00,0.00,0.00
Pool-Diff-09,补差额,正编,1900006,游戏工作室群,幻塔工作室,,商业保险,0.00,0.00,0.00,0.00,0.00,0.00,0.00,0.00,0.00,0.00,0.00,0.00,0.00
Pool-Diff-09,补差额,正编,1900006,游戏工作室群,幻塔工作室,,项目标签,-,-,-,-,-,-,-,-,-,-,-,-,-
HC-0063,宗敬,正编,1900006,游戏工作室群,幻塔工作室,,HC,1,1,1,1,1,1,1,1,1,1,1,1,1
HC-0063,宗敬,正编,1900006,游戏工作室群,幻塔工作室,,工资,"45,000.00","45,000.00","45,000.00","45,000.00","45,000.00","45,000.00","45,000.00","45,000.00","45,000.00","45,000.00","45,000.00","45,000.00","540,000.00"
HC-0063,宗敬,正编,1900006,游戏工作室群,幻塔工作室,,饭补,400.00,400.00,400.00,400.00,400.00,400.00,400.00,400.00,400.00,400.00,400.00,400.00,"4,800.00"
HC-0063,宗敬,正编,1900006,游戏工作室群,幻塔工作室,,绩效浮动,"9,000.00","9,000.00","9,000.00","9,000.00","9,000.00","9,000.00","9,000.00","9,000.00","9,000.00","9,000.00","9,000.00","9,000.00","108,000.00"
HC-0063,宗敬,正编,1900006,游戏工作室群,幻塔工作室,,社保总额,"6,750.00","6,750.00","6,750.00","6,750.00","6,750.00","6,750.00","6,750.00","6,750.00","6,750.00","6,750.00","6,750.00","6,750.00","81,000.00"
HC-0063,宗敬,正编,1900006,游戏工作室群,幻塔工作室,,公积金总额,"5,400.00","5,400.00","5,400.00","5,400.00","5,400.00","5,400.00","5,400.00","5,400.00","5,400.00","5,400.00","5,400.00","5,400.00","64,800.00"
HC-0063,宗敬,正编,1900006,游戏工作室群,幻塔工作室,,工会经费,50.00,50.00,50.00,50.00,50.00,50.00,50.00,50.00,50.00,50.00,50.00,50.00,600.00
HC-0063,宗敬,正编,1900006,游戏工作室群,幻塔工作室,,商业保险,200.00,200.00,200.00,200.00,200.00,200.00,200.00,200.00,200.00,200.00,200.00,200.00,"2,400.00"
HC-0063,宗敬,正编,1900006,游戏工作室群,幻塔工作室,,项目标签,星云引擎,星云引擎,星云引擎,星云引擎,星云引擎,星云引擎,星云引擎,星云引擎,星云引擎,星云引擎,星云引擎,星云引擎,-
HC-0062,闵哲,正编,1900006,游戏工作室群,幻塔工作室,,HC,1,1,1,1,1,1,1,1,1,1,1,1,1
HC-0062,闵哲,正编,1900006,游戏工作室群,幻塔工作室,,工资,"50,000.00","50,000.00","50,000.00","50,000.00","50,000.00","50,000.00","50,000.00","50,000.00","50,000.00","50,000.00","50,000.00","50,000.00","600,000.00"
HC-0062,闵哲,正编,1900006,游戏工作室群,幻塔工作室,,饭补,400.00,400.00,400.00,400.00,400.00,400.00,400.00,400.00,400.00,400.00,400.00,400.00,"4,800.00"
HC-0062,闵哲,正编,1900006,游戏工作室群,幻塔工作室,,绩效浮动,"10,000.00","10,000.00","10,000.00","10,000.00","10,000.00","10,000.00","10,000.00","10,000.00","10,000.00","10,000.00","10,000.00","10,000.00","120,000.00"
HC-0062,闵哲,正编,1900006,游戏工作室群,幻塔工作室,,社保总额,"7,500.00","7,500.00","7,500.00","7,500.00","7,500.00","7,500.00","7,500.00","7,500.00","7,500.00","7,500.00","7,500.00","7,500.00","90,000.00"
HC-0062,闵哲,正编,1900006,游戏工作室群,幻塔工作室,,公积金总额,"6,000.00","6,000.00","6,000.00","6,000.00","6,000.00","6,000.00","6,000.00","6,000.00","6,000.00","6,000.00","6,000.00","6,000.00","72,000.00"
HC-0062,闵哲,正编,1900006,游戏工作室群,幻塔工作室,,工会经费,50.00,50.00,50.00,50.00,50.00,50.00,50.00,50.00,50.00,50.00,50.00,50.00,600.00
HC-0062,闵哲,正编,1900006,游戏工作室群,幻塔工作室,,商业保险,200.00,200.00,200.00,200.00,200.00,200.00,200.00,200.00,200.00,200.00,200.00,200.00,"2,400.00"
HC-0062,闵哲,正编,1900006,游戏工作室群,幻塔工作室,,项目标签,代号:远方,代号:远方,代号:远方,代号:远方,代号:远方,代号:远方,代号:远方,代号:远方,代号:远方,代号:远方,代号:远方,代号:远方,-
Pool-Diff-05,补差额,正编,1900006,游戏工作室群,幻塔工作室,美术部,HC,0,0,0,0,0,0,0,0,0,0,0,0,0
Pool-Diff-05,补差额,正编,1900006,游戏工作室群,幻塔工作室,美术部,工资,"5,000.00","5,000.00","5,000.00","5,000.00","5,000.00","5,000.00","5,000.00","5,000.00","5,000.00","5,000.00","5,000.00","5,000.00","60,000.00"
Pool-Diff-05,补差额,正编,1900006,游戏工作室群,幻塔工作室,美术部,饭补,0.00,0.00,0.00,0.00,0.00,0.00,0.00,0.00,0.00,0.00,0.00,0.00,0.00
Pool-Diff-05,补差额,正编,1900006,游戏工作室群,幻塔工作室,美术部,绩效浮动,0.00,0.00,0.00,0.00,0.00,0.00,0.00,0.00,0.00,0.00,0.00,0.00,0.00
Pool-Diff-05,补差额,正编,1900006,游戏工作室群,幻塔工作室,美术部,社保总额,0.00,0.00,0.00,0.00,0.00,0.00,0.00,0.00,0.00,0.00,0.00,0.00,0.00
Pool-Diff-05,补差额,正编,1900006,游戏工作室群,幻塔工作室,美术部,公积金总额,0.00,0.00,0.00,0.00,0.00,0.00,0.00,0.00,0.00,0.00,0.00,0.00,0.00
Pool-Diff-05,补差额,正编,1900006,游戏工作室群,幻塔工作室,美术部,工会经费,0.00,0.00,0.00,0.00,0.00,0.00,0.00,0.00,0.00,0.00,0.00,0.00,0.00
Pool-Diff-05,补差额,正编,1900006,游戏工作室群,幻塔工作室,美术部,商业保险,0.00,0.00,0.00,0.00,0.00,0.00,0.00,0.00,0.00,0.00,0.00,0.00,0.00
Pool-Diff-05,补差额,正编,1900006,游戏工作室群,幻塔工作室,美术部,项目标签,-,-,-,-,-,-,-,-,-,-,-,-,-
HC-0040,茅霞,正编,1900006,游戏工作室群,幻塔工作室,美术部,HC,1,1,1,1,1,1,1,1,1,1,1,1,1
HC-0040,茅霞,正编,1900006,游戏工作室群,幻塔工作室,美术部,工资,"18,770.00","18,770.00","18,770.00","18,770.00","18,770.00","18,770.00","18,770.00","18,770.00","18,770.00","18,770.00","18,770.00","18,770.00","225,240.00"
HC-0040,茅霞,正编,1900006,游戏工作室群,幻塔工作室,美术部,饭补,400.00,400.00,400.00,400.00,400.00,400.00,400.00,400.00,400.00,400.00,400.00,400.00,"4,800.00"
HC-0040,茅霞,正编,1900006,游戏工作室群,幻塔工作室,美术部,绩效浮动,"3,754.00","3,754.00","3,754.00","3,754.00","3,754.00","3,754.00","3,754.00","3,754.00","3,754.00","3,754.00","3,754.00","3,754.00","45,048.00"
HC-0040,茅霞,正编,1900006,游戏工作室群,幻塔工作室,美术部,社保总额,"2,815.50","2,815.50","2,815.50","2,815.50","2,815.50","2,815.50","2,815.50","2,815.50","2,815.50","2,815.50","2,815.50","2,815.50","33,786.00"
HC-0040,茅霞,正编,1900006,游戏工作室群,幻塔工作室,美术部,公积金总额,"2,252.40","2,252.40","2,252.40","2,252.40","2,252.40","2,252.40","2,252.40","2,252.40","2,252.40","2,252.40","2,252.40","2,252.40","27,028.80"
HC-0040,茅霞,正编,1900006,游戏工作室群,幻塔工作室,美术部,工会经费,50.00,50.00,50.00,50.00,50.00,50.00,50.00,50.00,50.00,50.00,50.00,50.00,600.00
HC-0040,茅霞,正编,1900006,游戏工作室群,幻塔工作室,美术部,商业保险,200.00,200.00,200.00,200.00,200.00,200.00,200.00,200.00,200.00,200.00,200.00,200.00,"2,400.00"
HC-0040,茅霞,正编,1900006,游戏工作室群,幻塔工作室,美术部,项目标签,仙剑世界,仙剑世界,仙剑世界,仙剑世界,仙剑世界,仙剑世界,仙剑世界,仙剑世界,仙剑世界,仙剑世界,仙剑世界,仙剑世界,-
HC-0039,章松,正编,1900006,游戏工作室群,幻塔工作室,美术部,HC,1,1,1,1,1,1,1,1,1,1,1,1,1
HC-0039,章松,正编,1900006,游戏工作室群,幻塔工作室,美术部,工资,"25,015.00","25,015.00","25,015.00","25,015.00","25,015.00","25,015.00","25,015.00","25,015.00","25,015.00","25,015.00","25,015.00","25,015.00","300,180.00"
HC-0039,章松,正编,1900006,游戏工作室群,幻塔工作室,美术部,饭补,400.00,400.00,400.00,400.00,400.00,400.00,400.00,400.00,400.00,400.00,400.00,400.00,"4,800.00"
HC-0039,章松,正编,1900006,游戏工作室群,幻塔工作室,美术部,绩效浮动,"5,003.00","5,003.00","5,003.00","5,003.00","5,003.00","5,003.00","5,003.00","5,003.00","5,003.00","5,003.00","5,003.00","5,003.00","60,036.00"
HC-0039,章松,正编,1900006,游戏工作室群,幻塔工作室,美术部,社保总额,"3,752.25","3,752.25","3,752.25","3,752.25","3,752.25","3,752.25","3,752.25","3,752.25","3,752.25","3,752.25","3,752.25","3,752.25","45,027.00"
HC-0039,章松,正编,1900006,游戏工作室群,幻塔工作室,美术部,公积金总额,"3,001.80","3,001.80","3,001.80","3,001.80","3,001.80","3,001.80","3,001.80","3,001.80","3,001.80","3,001.80","3,001.80","3,001.80","36,021.60"
HC-0039,章松,正编,1900006,游戏工作室群,幻塔工作室,美术部,工会经费,50.00,50.00,50.00,50.00,50.00,50.00,50.00,50.00,50.00,50.00,50.00,50.00,600.00
HC-0039,章松,正编,1900006,游戏工作室群,幻塔工作室,美术部,商业保险,200.00,200.00,200.00,200.00,200.00,200.00,200.00,200.00,200.00,200.00,200.00,200.00,"2,400.00"
HC-0039,章松,正编,1900006,游戏工作室群,幻塔工作室,美术部,项目标签,代号:远方,代号:远方,代号:远方,代号:远方,代号:远方,代号:远方,代号:远方,代号:远方,代号:远方,代号:远方,代号:远方,代号:远方,-
HC-0038,夔奇,正编,1900006,游戏工作室群,幻塔工作室,美术部,HC,1,1,1,1,1,1,1,1,1,1,1,1,1
HC-0038,夔奇,正编,1900006,游戏工作室群,幻塔工作室,美术部,工资,"23,996.00","23,996.00","23,996.00","23,996.00","23,996.00","23,996.00","23,996.00","23,996.00","23,996.00","23,996.00","23,996.00","23,996.00","287,952.00"
HC-0038,夔奇,正编,1900006,游戏工作室群,幻塔工作室,美术部,饭补,400.00,400.00,400.00,400.00,400.00,400.00,400.00,400.00,400.00,400.00,400.00,400.00,"4,800.00"
HC-0038,夔奇,正编,1900006,游戏工作室群,幻塔工作室,美术部,绩效浮动,"4,799.20","4,799.20","4,799.20","4,799.20","4,799.20","4,799.20","4,799.20","4,799.20","4,799.20","4,799.20","4,799.20","4,799.20","57,590.40"
HC-0038,夔奇,正编,1900006,游戏工作室群,幻塔工作室,美术部,社保总额,"3,599.40","3,599.40","3,599.40","3,599.40","3,599.40","3,599.40","3,599.40","3,599.40","3,599.40","3,599.40","3,599.40","3,599.40","43,192.80"
HC-0038,夔奇,正编,1900006,游戏工作室群,幻塔工作室,美术部,公积金总额,"2,879.52","2,879.52","2,879.52","2,879.52","2,879.52","2,879.52","2,879.52","2,879.52","2,879.52","2,879.52","2,879.52","2,879.52","34,554.24"
HC-0038,夔奇,正编,1900006,游戏工作室群,幻塔工作室,美术部,工会经费,50.00,50.00,50.00,50.00,50.00,50.00,50.00,50.00,50.00,50.00,50.00,50.00,600.00
HC-0038,夔奇,正编,1900006,游戏工作室群,幻塔工作室,美术部,商业保险,200.00,200.00,200.00,200.00,200.00,200.00,200.00,200.00,200.00,200.00,200.00,200.00,"2,400.00"
HC-0038,夔奇,正编,1900006,游戏工作室群,幻塔工作室,美术部,项目标签,代号:远方,代号:远方,代号:远方,代号:远方,代号:远方,代号:远方,代号:远方,代号:远方,代号:远方,代号:远方,代号:远方,代号:远方,-
HC-0037,姚士,正编,1900006,游戏工作室群,幻塔工作室,美术部,HC,1,1,1,1,1,1,1,1,1,1,1,1,1
HC-0037,姚士,正编,1900006,游戏工作室群,幻塔工作室,美术部,工资,"21,844.00","21,844.00","21,844.00","21,844.00","21,844.00","21,844.00","21,844.00","21,844.00","21,844.00","21,844.00","21,844.00","21,844.00","262,128.00"
HC-0037,姚士,正编,1900006,游戏工作室群,幻塔工作室,美术部,饭补,400.00,400.00,400.00,400.00,400.00,400.00,400.00,400.00,400.00,400.00,400.00,400.00,"4,800.00"
HC-0037,姚士,正编,1900006,游戏工作室群,幻塔工作室,美术部,绩效浮动,"4,368.80","4,368.80","4,368.80","4,368.80","4,368.80","4,368.80","4,368.80","4,368.80","4,368.80","4,368.80","4,368.80","4,368.80","52,425.60"
HC-0037,姚士,正编,1900006,游戏工作室群,幻塔工作室,美术部,社保总额,"3,276.60","3,276.60","3,276.60","3,276.60","3,276.60","3,276.60","3,276.60","3,276.60","3,276.60","3,276.60","3,276.60","3,276.60","39,319.20"
HC-0037,姚士,正编,1900006,游戏工作室群,幻塔工作室,美术部,公积金总额,"2,621.28","2,621.28","2,621.28","2,621.28","2,621.28","2,621.28","2,621.28","2,621.28","2,621.28","2,621.28","2,621.28","2,621.28","31,455.36"
HC-0037,姚士,正编,1900006,游戏工作室群,幻塔工作室,美术部,工会经费,50.00,50.00,50.00,50.00,50.00,50.00,50.00,50.00,50.00,50.00,50.00,50.00,600.00
HC-0037,姚士,正编,1900006,游戏工作室群,幻塔工作室,美术部,商业保险,200.00,200.00,200.00,200.00,200.00,200.00,200.00,200.00,200.00,200.00,200.00,200.00,"2,400.00"
HC-0037,姚士,正编,1900006,游戏工作室群,幻塔工作室,美术部,项目标签,商业化运营平台,商业化运营平台,商业化运营平台,商业化运营平台,商业化运营平台,商业化运营平台,商业化运营平台,商业化运营平台,商业化运营平台,商业化运营平台,商业化运营平台,商业化运营平台,-
HC-0036,谭博,正编,1900006,游戏工作室群,幻塔工作室,美术部,HC,1,1,1,1,1,1,1,1,1,1,1,1,1
HC-0036,谭博,正编,1900006,游戏工作室群,幻塔工作室,美术部,工资,"15,948.00","15,948.00","15,948.00","15,948.00","15,948.00","15,948.00","15,948.00","15,948.00","15,948.00","15,948.00","15,948.00","15,948.00","191,376.00"
HC-0036,谭博,正编,1900006,游戏工作室群,幻塔工作室,美术部,饭补,400.00,400.00,400.00,400.00,400.00,400.00,400.00,400.00,400.00,400.00,400.00,400.00,"4,800.00"
HC-0036,谭博,正编,1900006,游戏工作室群,幻塔工作室,美术部,绩效浮动,"3,189.60","3,189.60","3,189.60","3,189.60","3,189.60","3,189.60","3,189.60","3,189.60","3,189.60","3,189.60","3,189.60","3,189.60","38,275.20"
HC-0036,谭博,正编,1900006,游戏工作室群,幻塔工作室,美术部,社保总额,"2,392.20","2,392.20","2,392.20","2,392.20","2,392.20","2,392.20","2,392.20","2,392.20","2,392.20","2,392.20","2,392.20","2,392.20","28,706.40"
HC-0036,谭博,正编,1900006,游戏工作室群,幻塔工作室,美术部,公积金总额,"1,913.76","1,913.76","1,913.76","1,913.76","1,913.76","1,913.76","1,913.76","1,913.76","1,913.76","1,913.76","1,913.76","1,913.76","22,965.12"
HC-0036,谭博,正编,1900006,游戏工作室群,幻塔工作室,美术部,工会经费,50.00,50.00,50.00,50.00,50.00,50.00,50.00,50.00,50.00,50.00,50.00,50.00,600.00
HC-0036,谭博,正编,1900006,游戏工作室群,幻塔工作室,美术部,商业保险,200.00,200.00,200.00,200.00,200.00,200.00,200.00,200.00,200.00,200.00,200.00,200.00,"2,400.00"
HC-0036,谭博,正编,1900006,游戏工作室群,幻塔工作室,美术部,项目标签,星云引擎,星云引擎,星云引擎,星云引擎,星云引擎,星云引擎,星云引擎,星云引擎,星云引擎,星云引擎,星云引擎,星云引擎,-
HC-0035,庞超,正编,1900006,游戏工作室群,幻塔工作室,美术部,HC,1,1,1,1,1,1,1,1,1,1,1,1,1
HC-0035,庞超,正编,1900006,游戏工作室群,幻塔工作室,美术部,工资,"33,600.00","33,600.00","33,600.00","33,600.00","33,600.00","33,600.00","33,600.00","33,600.00","33,600.00","33,600.00","33,600.00","33,600.00","403,200.00"
HC-0035,庞超,正编,1900006,游戏工作室群,幻塔工作室,美术部,饭补,400.00,400.00,400.00,400.00,400.00,400.00,400.00,400.00,400.00,400.00,400.00,400.00,"4,800.00"
HC-0035,庞超,正编,1900006,游戏工作室群,幻塔工作室,美术部,绩效浮动,"6,720.00","6,720.00","6,720.00","6,720.00","6,720.00","6,720.00","6,720.00","6,720.00","6,720.00","6,720.00","6,720.00","6,720.00","80,640.00"
HC-0035,庞超,正编,1900006,游戏工作室群,幻塔工作室,美术部,社保总额,"5,040.00","5,040.00","5,040.00","5,040.00","5,040.00","5,040.00","5,040.00","5,040.00","5,040.00","5,040.00","5,040.00","5,040.00","60,480.00"
HC-0035,庞超,正编,1900006,游戏工作室群,幻塔工作室,美术部,公积金总额,"4,032.00","4,032.00","4,032.00","4,032.00","4,032.00","4,032.00","4,032.00","4,032.00","4,032.00","4,032.00","4,032.00","4,032.00","48,384.00"
HC-0035,庞超,正编,1900006,游戏工作室群,幻塔工作室,美术部,工会经费,50.00,50.00,50.00,50.00,50.00,50.00,50.00,50.00,50.00,50.00,50.00,50.00,600.00
HC-0035,庞超,正编,1900006,游戏工作室群,幻塔工作室,美术部,商业保险,200.00,200.00,200.00,200.00,200.00,200.00,200.00,200.00,200.00,200.00,200.00,200.00,"2,400.00"
HC-0035,庞超,正编,1900006,游戏工作室群,幻塔工作室,美术部,项目标签,代号:远方,代号:远方,代号:远方,代号:远方,代号:远方,代号:远方,代号:远方,代号:远方,代号:远方,代号:远方,代号:远方,代号:远方,-
HC-0034,庄诚,正编,1900006,游戏工作室群,幻塔工作室,美术部,HC,1,1,1,1,1,1,1,1,1,1,1,1,1
HC-0034,庄诚,正编,1900006,游戏工作室群,幻塔工作室,美术部,工资,"31,271.00","31,271.00","31,271.00","31,271.00","31,271.00","31,271.00","31,271.00","31,271.00","31,271.00","31,271.00","31,271.00","31,271.00","375,252.00"
HC-0034,庄诚,正编,1900006,游戏工作室群,幻塔工作室,美术部,饭补,400.00,400.00,400.00,400.00,400.00,400.00,400.00,400.00,400.00,400.00,400.00,400.00,"4,800.00"
HC-0034,庄诚,正编,1900006,游戏工作室群,幻塔工作室,美术部,绩效浮动,"6,254.20","6,254.20","6,254.20","6,254.20","6,254.20","6,254.20","6,254.20","6,254.20","6,254.20","6,254.20","6,254.20","6,254.20","75,050.40"
HC-0034,庄诚,正编,1900006,游戏工作室群,幻塔工作室,美术部,社保总额,"4,690.65","4,690.65","4,690.65","4,690.65","4,690.65","4,690.65","4,690.65","4,690.65","4,690.65","4,690.65","4,690.65","4,690.65","56,287.80"
HC-0034,庄诚,正编,1900006,游戏工作室群,幻塔工作室,美术部,公积金总额,"3,752.52","3,752.52","3,752.52","3,752.52","3,752.52","3,752.52","3,752.52","3,752.52","3,752.52","3,752.52","3,752.52","3,752.52","45,030.24"
HC-0034,庄诚,正编,1900006,游戏工作室群,幻塔工作室,美术部,工会经费,50.00,50.00,50.00,50.00,50.00,50.00,50.00,50.00,50.00,50.00,50.00,50.00,600.00
HC-0034,庄诚,正编,1900006,游戏工作室群,幻塔工作室,美术部,商业保险,200.00,200.00,200.00,200.00,200.00,200.00,200.00,200.00,200.00,200.00,200.00,200.00,"2,400.00"
HC-0034,庄诚,正编,1900006,游戏工作室群,幻塔工作室,美术部,项目标签,商业化运营平台,商业化运营平台,商业化运营平台,商业化运营平台,商业化运营平台,商业化运营平台,商业化运营平台,商业化运营平台,商业化运营平台,商业化运营平台,商业化运营平台,商业化运营平台,-
HC-0033,蔡军,正编,1900006,游戏工作室群,幻塔工作室,美术部,HC,1,1,1,1,1,1,1,1,1,1,1,1,1
HC-0033,蔡军,正编,1900006,游戏工作室群,幻塔工作室,美术部,工资,"36,530.00","36,530.00","36,530.00","36,530.00","36,530.00","36,530.00","36,530.00","36,530.00","36,530.00","36,530.00","36,530.00","36,530.00","438,360.00"
HC-0033,蔡军,正编,1900006,游戏工作室群,幻塔工作室,美术部,饭补,400.00,400.00,400.00,400.00,400.00,400.00,400.00,400.00,400.00,400.00,400.00,400.00,"4,800.00"
HC-0033,蔡军,正编,1900006,游戏工作室群,幻塔工作室,美术部,绩效浮动,"7,306.00","7,306.00","7,306.00","7,306.00","7,306.00","7,306.00","7,306.00","7,306.00","7,306.00","7,306.00","7,306.00","7,306.00","87,672.00"
HC-0033,蔡军,正编,1900006,游戏工作室群,幻塔工作室,美术部,社保总额,"5,479.50","5,479.50","5,479.50","5,479.50","5,479.50","5,479.50","5,479.50","5,479.50","5,479.50","5,479.50","5,479.50","5,479.50","65,754.00"
HC-0033,蔡军,正编,1900006,游戏工作室群,幻塔工作室,美术部,公积金总额,"4,383.60","4,383.60","4,383.60","4,383.60","4,383.60","4,383.60","4,383.60","4,383.60","4,383.60","4,383.60","4,383.60","4,383.60","52,603.20"
HC-0033,蔡军,正编,1900006,游戏工作室群,幻塔工作室,美术部,工会经费,50.00,50.00,50.00,50.00,50.00,50.00,50.00,50.00,50.00,50.00,50.00,50.00,600.00
HC-0033,蔡军,正编,1900006,游戏工作室群,幻塔工作室,美术部,商业保险,200.00,200.00,200.00,200.00,200.00,200.00,200.00,200.00,200.00,200.00,200.00,200.00,"2,400.00"
HC-0033,蔡军,正编,1900006,游戏工作室群,幻塔工作室,美术部,项目标签,幻塔重制版,幻塔重制版,幻塔重制版,幻塔重制版,幻塔重制版,幻塔重制版,幻塔重制版,幻塔重制版,幻塔重制版,幻塔重制版,幻塔重制版,幻塔重制版,-
HC-0032,汤松,正编,1900006,游戏工作室群,幻塔工作室,美术部,HC,1,1,1,1,1,1,1,1,1,1,1,1,1
HC-0032,汤松,正编,1900006,游戏工作室群,幻塔工作室,美术部,工资,"15,697.00","15,697.00","15,697.00","15,697.00","15,697.00","15,697.00","15,697.00","15,697.00","15,697.00","15,697.00","15,697.00","15,697.00","188,364.00"
HC-0032,汤松,正编,1900006,游戏工作室群,幻塔工作室,美术部,饭补,400.00,400.00,400.00,400.00,400.00,400.00,400.00,400.00,400.00,400.00,400.00,400.00,"4,800.00"
HC-0032,汤松,正编,1900006,游戏工作室群,幻塔工作室,美术部,绩效浮动,"3,139.40","3,139.40","3,139.40","3,139.40","3,139.40","3,139.40","3,139.40","3,139.40","3,139.40","3,139.40","3,139.40","3,139.40","37,672.80"
HC-0032,汤松,正编,1900006,游戏工作室群,幻塔工作室,美术部,社保总额,"2,354.55","2,354.55","2,354.55","2,354.55","2,354.55","2,354.55","2,354.55","2,354.55","2,354.55","2,354.55","2,354.55","2,354.55","28,254.60"
HC-0032,汤松,正编,1900006,游戏工作室群,幻塔工作室,美术部,公积金总额,"1,883.64","1,883.64","1,883.64","1,883.64","1,883.64","1,883.64","1,883.64","1,883.64","1,883.64","1,883.64","1,883.64","1,883.64","22,603.68"
HC-0032,汤松,正编,1900006,游戏工作室群,幻塔工作室,美术部,工会经费,50.00,50.00,50.00,50.00,50.00,50.00,50.00,50.00,50.00,50.00,50.00,50.00,600.00
HC-0032,汤松,正编,1900006,游戏工作室群,幻塔工作室,美术部,商业保险,200.00,200.00,200.00,200.00,200.00,200.00,200.00,200.00,200.00,200.00,200.00,200.00,"2,400.00"
HC-0032,汤松,正编,1900006,游戏工作室群,幻塔工作室,美术部,项目标签,商业化运营平台,商业化运营平台,商业化运营平台,商业化运营平台,商业化运营平台,商业化运营平台,商业化运营平台,商业化运营平台,商业化运营平台,商业化运营平台,商业化运营平台,商业化运营平台,-
HC-0031,强士,正编,1900006,游戏工作室群,幻塔工作室,美术部,HC,1,1,1,1,1,1,1,1,1,1,1,1,1
HC-0031,强士,正编,1900006,游戏工作室群,幻塔工作室,美术部,工资,"29,784.00","29,784.00","29,784.00","29,784.00","29,784.00","29,784.00","29,784.00","29,784.00","29,784.00","29,784.00","29,784.00","29,784.00","357,408.00"
HC-0031,强士,正编,1900006,游戏工作室群,幻塔工作室,美术部,饭补,400.00,400.00,400.00,400.00,400.00,400.00,400.00,400.00,400.00,400.00,400.00,400.00,"4,800.00"
HC-0031,强士,正编,1900006,游戏工作室群,幻塔工作室,美术部,绩效浮动,"5,956.80","5,956.80","5,956.80","5,956.80","5,956.80","5,956.80","5,956.80","5,956.80","5,956.80","5,956.80","5,956.80","5,956.80","71,481.60"
HC-0031,强士,正编,1900006,游戏工作室群,幻塔工作室,美术部,社保总额,"4,467.60","4,467.60","4,467.60","4,467.60","4,467.60","4,467.60","4,467.60","4,467.60","4,467.60","4,467.60","4,467.60","4,467.60","53,611.20"
HC-0031,强士,正编,1900006,游戏工作室群,幻塔工作室,美术部,公积金总额,"3,574.08","3,574.08","3,574.08","3,574.08","3,574.08","3,574.08","3,574.08","3,574.08","3,574.08","3,574.08","3,574.08","3,574.08","42,888.96"
HC-0031,强士,正编,1900006,游戏工作室群,幻塔工作室,美术部,工会经费,50.00,50.00,50.00,50.00,50.00,50.00,50.00,50.00,50.00,50.00,50.00,50.00,600.00
HC-0031,强士,正编,1900006,游戏工作室群,幻塔工作室,美术部,商业保险,200.00,200.00,200.00,200.00,200.00,200.00,200.00,200.00,200.00,200.00,200.00,200.00,"2,400.00"
HC-0031,强士,正编,1900006,游戏工作室群,幻塔工作室,美术部,项目标签,商业化运营平台,商业化运营平台,商业化运营平台,商业化运营平台,商业化运营平台,商业化运营平台,商业化运营平台,商业化运营平台,商业化运营平台,商业化运营平台,商业化运营平台,商业化运营平台,-
Pool-Diff-01,补差额,正编,1900006,游戏工作室群,幻塔工作室,策划部,HC,0,0,0,0,0,0,0,0,0,0,0,0,0
Pool-Diff-01,补差额,正编,1900006,游戏工作室群,幻塔工作室,策划部,工资,"-2,000.00","-2,000.00","-2,000.00","-2,000.00","-2,000.00","-2,000.00","-2,000.00","-2,000.00","-2,000.00","-2,000.00","-2,000.00","-2,000.00","-24,000.00"
Pool-Diff-01,补差额,正编,1900006,游戏工作室群,幻塔工作室,策划部,饭补,0.00,0.00,0.00,0.00,0.00,0.00,0.00,0.00,0.00,0.00,0.00,0.00,0.00
Pool-Diff-01,补差额,正编,1900006,游戏工作室群,幻塔工作室,策划部,绩效浮动,0.00,0.00,0.00,0.00,0.00,0.00,0.00,0.00,0.00,0.00,0.00,0.00,0.00
Pool-Diff-01,补差额,正编,1900006,游戏工作室群,幻塔工作室,策划部,社保总额,0.00,0.00,0.00,0.00,0.00,0.00,0.00,0.00,0.00,0.00,0.00,0.00,0.00
Pool-Diff-01,补差额,正编,1900006,游戏工作室群,幻塔工作室,策划部,公积金总额,0.00,0.00,0.00,0.00,0.00,0.00,0.00,0.00,0.00,0.00,0.00,0.00,0.00
Pool-Diff-01,补差额,正编,1900006,游戏工作室群,幻塔工作室,策划部,工会经费,0.00,0.00,0.00,0.00,0.00,0.00,0.00,0.00,0.00,0.00,0.00,0.00,0.00
Pool-Diff-01,补差额,正编,1900006,游戏工作室群,幻塔工作室,策划部,商业保险,0.00,0.00,0.00,0.00,0.00,0.00,0.00,0.00,0.00,0.00,0.00,0.00,0.00
Pool-Diff-01,补差额,正编,1900006,游戏工作室群,幻塔工作室,策划部,项目标签,-,-,-,-,-,-,-,-,-,-,-,-,-
HC-0061,减员占位,正编,1900006,游戏工作室群,幻塔工作室,策划部,HC,-1,-1,-1,-1,-1,-1,-1,-1,-1,-1,-1,-1,-1
HC-0061,减员占位,正编,1900006,游戏工作室群,幻塔工作室,策划部,工资,"-20,000.00","-20,000.00","-20,000.00","-20,000.00","-20,000.00","-20,000.00","-20,000.00","-20,000.00","-20,000.00","-20,000.00","-20,000.00","-20,000.00","-240,000.00"
HC-0061,减员占位,正编,1900006,游戏工作室群,幻塔工作室,策划部,饭补,-400.00,-400.00,-400.00,-400.00,-400.00,-400.00,-400.00,-400.00,-400.00,-400.00,-400.00,-400.00,"-4,800.00"
HC-0061,减员占位,正编,1900006,游戏工作室群,幻塔工作室,策划部,绩效浮动,"-4,000.00","-4,000.00","-4,000.00","-4,000.00","-4,000.00","-4,000.00","-4,000.00","-4,000.00","-4,000.00","-4,000.00","-4,000.00","-4,000.00","-48,000.00"
HC-0061,减员占位,正编,1900006,游戏工作室群,幻塔工作室,策划部,社保总额,"-3,000.00","-3,000.00","-3,000.00","-3,000.00","-3,000.00","-3,000.00","-3,000.00","-3,000.00","-3,000.00","-3,000.00","-3,000.00","-3,000.00","-36,000.00"
HC-0061,减员占位,正编,1900006,游戏工作室群,幻塔工作室,策划部,公积金总额,"-2,400.00","-2,400.00","-2,400.00","-2,400.00","-2,400.00","-2,400.00","-2,400.00","-2,400.00","-2,400.00","-2,400.00","-2,400.00","-2,400.00","-28,800.00"
HC-0061,减员占位,正编,1900006,游戏工作室群,幻塔工作室,策划部,工会经费,-50.00,-50.00,-50.00,-50.00,-50.00,-50.00,-50.00,-50.00,-50.00,-50.00,-50.00,-50.00,-600.00
HC-0061,减员占位,正编,1900006,游戏工作室群,幻塔工作室,策划部,商业保险,-200.00,-200.00,-200.00,-200.00,-200.00,-200.00,-200.00,-200.00,-200.00,-200.00,-200.00,-200.00,"-2,400.00"
HC-0061,减员占位,正编,1900006,游戏工作室群,幻塔工作室,策划部,项目标签,-,-,-,-,-,-,-,-,-,-,-,-,-
HC-0010,闻言,正编,1900006,游戏工作室群,幻塔工作室,策划部,HC,1,1,1,1,1,1,1,1,1,1,1,1,1
HC-0010,闻言,正编,1900006,游戏工作室群,幻塔工作室,策划部,工资,"34,859.00","34,859.00","34,859.00","34,859.00","34,859.00","34,859.00","34,859.00","34,859.00","34,859.00","34,859.00","34,859.00","34,859.00","418,308.00"
HC-0010,闻言,正编,1900006,游戏工作室群,幻塔工作室,策划部,饭补,400.00,400.00,400.00,400.00,400.00,400.00,400.00,400.00,400.00,400.00,400.00,400.00,"4,800.00"
HC-0010,闻言,正编,1900006,游戏工作室群,幻塔工作室,策划部,绩效浮动,"6,971.80","6,971.80","6,971.80","6,971.80","6,971.80","6,971.80","6,971.80","6,971.80","6,971.80","6,971.80","6,971.80","6,971.80","83,661.60"
HC-0010,闻言,正编,1900006,游戏工作室群,幻塔工作室,策划部,社保总额,"5,228.85","5,228.85","5,228.85","5,228.85","5,228.85","5,228.85","5,228.85","5,228.85","5,228.85","5,228.85","5,228.85","5,228.85","62,746.20"
HC-0010,闻言,正编,1900006,游戏工作室群,幻塔工作室,策划部,公积金总额,"4,183.08","4,183.08","4,183.08","4,183.08","4,183.08","4,183.08","4,183.08","4,183.08","4,183.08","4,183.08","4,183.08","4,183.08","50,196.96"
HC-0010,闻言,正编,1900006,游戏工作室群,幻塔工作室,策划部,工会经费,50.00,50.00,50.00,50.00,50.00,50.00,50.00,50.00,50.00,50.00,50.00,50.00,600.00
HC-0010,闻言,正编,1900006,游戏工作室群,幻塔工作室,策划部,商业保险,200.00,200.00,200.00,200.00,200.00,200.00,200.00,200.00,200.00,200.00,200.00,200.00,"2,400.00"
HC-0010,闻言,正编,1900006,游戏工作室群,幻塔工作室,策划部,项目标签,幻塔重制版,幻塔重制版,幻塔重制版,幻塔重制版,幻塔重制版,幻塔重制版,幻塔重制版,幻塔重制版,幻塔重制版,幻塔重制版,幻塔重制版,幻塔重制版,-
HC-0009,籍嘉,正编,1900006,游戏工作室群,幻塔工作室,策划部,HC,1,1,1,1,1,1,1,1,1,1,1,1,1
HC-0009,籍嘉,正编,1900006,游戏工作室群,幻塔工作室,策划部,工资,"35,147.00","35,147.00","35,147.00","35,147.00","35,147.00","35,147.00","35,147.00","35,147.00","35,147.00","35,147.00","35,147.00","35,147.00","421,764.00"
HC-0009,籍嘉,正编,1900006,游戏工作室群,幻塔工作室,策划部,饭补,400.00,400.00,400.00,400.00,400.00,400.00,400.00,400.00,400.00,400.00,400.00,400.00,"4,800.00"
HC-0009,籍嘉,正编,1900006,游戏工作室群,幻塔工作室,策划部,绩效浮动,"7,029.40","7,029.40","7,029.40","7,029.40","7,029.40","7,029.40","7,029.40","7,029.40","7,029.40","7,029.40","7,029.40","7,029.40","84,352.80"
HC-0009,籍嘉,正编,1900006,游戏工作室群,幻塔工作室,策划部,社保总额,"5,272.05","5,272.05","5,272.05","5,272.05","5,272.05","5,272.05","5,272.05","5,272.05","5,272.05","5,272.05","5,272.05","5,272.05","63,264.60"
HC-0009,籍嘉,正编,1900006,游戏工作室群,幻塔工作室,策划部,公积金总额,"4,217.64","4,217.64","4,217.64","4,217.64","4,217.64","4,217.64","4,217.64","4,217.64","4,217.64","4,217.64","4,217.64","4,217.64","50,611.68"
HC-0009,籍嘉,正编,1900006,游戏工作室群,幻塔工作室,策划部,工会经费,50.00,50.00,50.00,50.00,50.00,50.00,50.00,50.00,50.00,50.00,50.00,50.00,600.00
HC-0009,籍嘉,正编,1900006,游戏工作室群,幻塔工作室,策划部,商业保险,200.00,200.00,200.00,200.00,200.00,200.00,200.00,200.00,200.00,200.00,200.00,200.00,"2,400.00"
HC-0009,籍嘉,正编,1900006,游戏工作室群,幻塔工作室,策划部,项目标签,幻塔重制版,幻塔重制版,幻塔重制版,幻塔重制版,幻塔重制版,幻塔重制版,幻塔重制版,幻塔重制版,幻塔重制版,幻塔重制版,幻塔重制版,幻塔重制版,-
HC-0008,颜伟,正编,1900006,游戏工作室群,幻塔工作室,策划部,HC,1,1,1,1,1,1,1,1,1,1,1,1,1
HC-0008,颜伟,正编,1900006,游戏工作室群,幻塔工作室,策划部,工资,"33,512.00","33,512.00","33,512.00","33,512.00","33,512.00","33,512.00","33,512.00","33,512.00","33,512.00","33,512.00","33,512.00","33,512.00","402,144.00"
HC-0008,颜伟,正编,1900006,游戏工作室群,幻塔工作室,策划部,饭补,400.00,400.00,400.00,400.00,400.00,400.00,400.00,400.00,400.00,400.00,400.00,400.00,"4,800.00"
HC-0008,颜伟,正编,1900006,游戏工作室群,幻塔工作室,策划部,绩效浮动,"6,702.40","6,702.40","6,702.40","6,702.40","6,702.40","6,702.40","6,702.40","6,702.40","6,702.40","6,702.40","6,702.40","6,702.40","80,428.80"
HC-0008,颜伟,正编,1900006,游戏工作室群,幻塔工作室,策划部,社保总额,"5,026.80","5,026.80","5,026.80","5,026.80","5,026.80","5,026.80","5,026.80","5,026.80","5,026.80","5,026.80","5,026.80","5,026.80","60,321.60"
HC-0008,颜伟,正编,1900006,游戏工作室群,幻塔工作室,策划部,公积金总额,"4,021.44","4,021.44","4,021.44","4,021.44","4,021.44","4,021.44","4,021.44","4,021.44","4,021.44","4,021.44","4,021.44","4,021.44","48,257.28"
HC-0008,颜伟,正编,1900006,游戏工作室群,幻塔工作室,策划部,工会经费,50.00,50.00,50.00,50.00,50.00,50.00,50.00,50.00,50.00,50.00,50.00,50.00,600.00
HC-0008,颜伟,正编,1900006,游戏工作室群,幻塔工作室,策划部,商业保险,200.00,200.00,200.00,200.00,200.00,200.00,200.00,200.00,200.00,200.00,200.00,200.00,"2,400.00"
HC-0008,颜伟,正编,1900006,游戏工作室群,幻塔工作室,策划部,项目标签,商业化运营平台,商业化运营平台,商业化运营平台,商业化运营平台,商业化运营平台,商业化运营平台,商业化运营平台,商业化运营平台,商业化运营平台,商业化运营平台,商业化运营平台,商业化运营平台,-
HC-0007,宣海,正编,1900006,游戏工作室群,幻塔工作室,策划部,HC,1,1,1,1,1,1,1,1,1,1,1,1,1
HC-0007,宣海,正编,1900006,游戏工作室群,幻塔工作室,策划部,工资,"25,742.00","25,742.00","25,742.00","25,742.00","25,742.00","25,742.00","25,742.00","25,742.00","25,742.00","25,742.00","25,742.00","25,742.00","308,904.00"
HC-0007,宣海,正编,1900006,游戏工作室群,幻塔工作室,策划部,饭补,400.00,400.00,400.00,400.00,400.00,400.00,400.00,400.00,400.00,400.00,400.00,400.00,"4,800.00"
HC-0007,宣海,正编,1900006,游戏工作室群,幻塔工作室,策划部,绩效浮动,"5,148.40","5,148.40","5,148.40","5,148.40","5,148.40","5,148.40","5,148.40","5,148.40","5,148.40","5,148.40","5,148.40","5,148.40","61,780.80"
HC-0007,宣海,正编,1900006,游戏工作室群,幻塔工作室,策划部,社保总额,"3,861.30","3,861.30","3,861.30","3,861.30","3,861.30","3,861.30","3,861.30","3,861.30","3,861.30","3,861.30","3,861.30","3,861.30","46,335.60"
HC-0007,宣海,正编,1900006,游戏工作室群,幻塔工作室,策划部,公积金总额,"3,089.04","3,089.04","3,089.04","3,089.04","3,089.04","3,089.04","3,089.04","3,089.04","3,089.04","3,089.04","3,089.04","3,089.04","37,068.48"
HC-0007,宣海,正编,1900006,游戏工作室群,幻塔工作室,策划部,工会经费,50.00,50.00,50.00,50.00,50.00,50.00,50.00,50.00,50.00,50.00,50.00,50.00,600.00
HC-0007,宣海,正编,1900006,游戏工作室群,幻塔工作室,策划部,商业保险,200.00,200.00,200.00,200.00,200.00,200.00,200.00,200.00,200.00,200.00,200.00,200.00,"2,400.00"
HC-0007,宣海,正编,1900006,游戏工作室群,幻塔工作室,策划部,项目标签,星云引擎,星云引擎,星云引擎,星云引擎,星云引擎,星云引擎,星云引擎,星云引擎,星云引擎,星云引擎,星云引擎,星云引擎,-
HC-0006,温勇,正编,1900006,游戏工作室群,幻塔工作室,策划部,HC,1,1,1,1,1,1,1,1,1,1,1,1,1
HC-0006,温勇,正编,1900006,游戏工作室群,幻塔工作室,策划部,工资,"25,445.00","25,445.00","25,445.00","25,445.00","25,445.00","25,445.00","25,445.00","25,445.00","25,445.00","25,445.00","25,445.00","25,445.00","305,340.00"
HC-0006,温勇,正编,1900006,游戏工作室群,幻塔工作室,策划部,饭补,400.00,400.00,400.00,400.00,400.00,400.00,400.00,400.00,400.00,400.00,400.00,400.00,"4,800.00"
HC-0006,温勇,正编,1900006,游戏工作室群,幻塔工作室,策划部,绩效浮动,"5,089.00","5,089.00","5,089.00","5,089.00","5,089.00","5,089.00","5,089.00","5,089.00","5,089.00","5,089.00","5,089.00","5,089.00","61,068.00"
HC-0006,温勇,正编,1900006,游戏工作室群,幻塔工作室,策划部,社保总额,"3,816.75","3,816.75","3,816.75","3,816.75","3,816.75","3,816.75","3,816.75","3,816.75","3,816.75","3,816.75","3,816.75","3,816.75","45,801.00"
HC-0006,温勇,正编,1900006,游戏工作室群,幻塔工作室,策划部,公积金总额,"3,053.40","3,053.40","3,053.40","3,053.40","3,053.40","3,053.40","3,053.40","3,053.40","3,053.40","3,053.40","3,053.40","3,053.40","36,640.80"
HC-0006,温勇,正编,1900006,游戏工作室群,幻塔工作室,策划部,工会经费,50.00,50.00,50.00,50.00,50.00,50.00,50.00,50.00,50.00,50.00,50.00,50.00,600.00
HC-0006,温勇,正编,1900006,游戏工作室群,幻塔工作室,策划部,商业保险,200.00,200.00,200.00,200.00,200.00,200.00,200.00,200.00,200.00,200.00,200.00,200.00,"2,400.00"
HC-0006,温勇,正编,1900006,游戏工作室群,幻塔工作室,策划部,项目标签,星云引擎,星云引擎,星云引擎,星云引擎,星云引擎,星云引擎,星云引擎,星云引擎,星云引擎,星云引擎,星云引擎,星云引擎,-
HC-0005,沈华,正编,1900006,游戏工作室群,幻塔工作室,策划部,HC,1,1,1,1,1,1,1,1,1,1,1,1,1
HC-0005,沈华,正编,1900006,游戏工作室群,幻塔工作室,策划部,工资,"36,573.00","36,573.00","36,573.00","36,573.00","36,573.00","36,573.00","36,573.00","36,573.00","36,573.00","36,573.00","36,573.00","36,573.00","438,876.00"
HC-0005,沈华,正编,1900006,游戏工作室群,幻塔工作室,策划部,饭补,400.00,400.00,400.00,400.00,400.00,400.00,400.00,400.00,400.00,400.00,400.00,400.00,"4,800.00"
HC-0005,沈华,正编,1900006,游戏工作室群,幻塔工作室,策划部,绩效浮动,"7,314.60","7,314.60","7,314.60","7,314.60","7,314.60","7,314.60","7,314.60","7,314.60","7,314.60","7,314.60","7,314.60","7,314.60","87,775.20"
HC-0005,沈华,正编,1900006,游戏工作室群,幻塔工作室,策划部,社保总额,"5,485.95","5,485.95","5,485.95","5,485.95","5,485.95","5,485.95","5,485.95","5,485.95","5,485.95","5,485.95","5,485.95","5,485.95","65,831.40"
HC-0005,沈华,正编,1900006,游戏工作室群,幻塔工作室,策划部,公积金总额,"4,388.76","4,388.76","4,388.76","4,388.76","4,388.76","4,388.76","4,388.76","4,388.76","4,388.76","4,388.76","4,388.76","4,388.76","52,665.12"
HC-0005,沈华,正编,1900006,游戏工作室群,幻塔工作室,策划部,工会经费,50.00,50.00,50.00,50.00,50.00,50.00,50.00,50.00,50.00,50.00,50.00,50.00,600.00
HC-0005,沈华,正编,1900006,游戏工作室群,幻塔工作室,策划部,商业保险,200.00,200.00,200.00,200.00,200.00,200.00,200.00,200.00,200.00,200.00,200.00,200.00,"2,400.00"
HC-0005,沈华,正编,1900006,游戏工作室群,幻塔工作室,策划部,项目标签,幻塔重制版,幻塔重制版,幻塔重制版,幻塔重制版,幻塔重制版,幻塔重制版,幻塔重制版,幻塔重制版,幻塔重制版,幻塔重制版,幻塔重制版,幻塔重制版,-
HC-0004,贝致,正编,1900006,游戏工作室群,幻塔工作室,策划部,HC,1,1,1,1,1,1,1,1,1,1,1,1,1
HC-0004,贝致,正编,1900006,游戏工作室群,幻塔工作室,策划部,工资,"27,650.00","27,650.00","27,650.00","27,650.00","27,650.00","27,650.00","27,650.00","27,650.00","27,650.00","27,650.00","27,650.00","27,650.00","331,800.00"
HC-0004,贝致,正编,1900006,游戏工作室群,幻塔工作室,策划部,饭补,400.00,400.00,400.00,400.00,400.00,400.00,400.00,400.00,400.00,400.00,400.00,400.00,"4,800.00"
HC-0004,贝致,正编,1900006,游戏工作室群,幻塔工作室,策划部,绩效浮动,"5,530.00","5,530.00","5,530.00","5,530.00","5,530.00","5,530.00","5,530.00","5,530.00","5,530.00","5,530.00","5,530.00","5,530.00","66,360.00"
HC-0004,贝致,正编,1900006,游戏工作室群,幻塔工作室,策划部,社保总额,"4,147.50","4,147.50","4,147.50","4,147.50","4,147.50","4,147.50","4,147.50","4,147.50","4,147.50","4,147.50","4,147.50","4,147.50","49,770.00"
HC-0004,贝致,正编,1900006,游戏工作室群,幻塔工作室,策划部,公积金总额,"3,318.00","3,318.00","3,318.00","3,318.00","3,318.00","3,318.00","3,318.00","3,318.00","3,318.00","3,318.00","3,318.00","3,318.00","39,816.00"
HC-0004,贝致,正编,1900006,游戏工作室群,幻塔工作室,策划部,工会经费,50.00,50.00,50.00,50.00,50.00,50.00,50.00,50.00,50.00,50.00,50.00,50.00,600.00
HC-0004,贝致,正编,1900006,游戏工作室群,幻塔工作室,策划部,商业保险,200.00,200.00,200.00,200.00,200.00,200.00,200.00,200.00,200.00,200.00,200.00,200.00,"2,400.00"
HC-0004,贝致,正编,1900006,游戏工作室群,幻塔工作室,策划部,项目标签,商业化运营平台,商业化运营平台,商业化运营平台,商业化运营平台,商业化运营平台,商业化运营平台,商业化运营平台,商业化运营平台,商业化运营平台,商业化运营平台,商业化运营平台,商业化运营平台,-
HC-0003,孙亮,正编,1900006,游戏工作室群,幻塔工作室,策划部,HC,1,1,1,1,1,1,1,1,1,1,1,1,1
HC-0003,孙亮,正编,1900006,游戏工作室群,幻塔工作室,策划部,工资,"19,291.00","19,291.00","19,291.00","19,291.00","19,291.00","19,291.00","19,291.00","19,291.00","19,291.00","19,291.00","19,291.00","19,291.00","231,492.00"
HC-0003,孙亮,正编,1900006,游戏工作室群,幻塔工作室,策划部,饭补,400.00,400.00,400.00,400.00,400.00,400.00,400.00,400.00,400.00,400.00,400.00,400.00,"4,800.00"
HC-0003,孙亮,正编,1900006,游戏工作室群,幻塔工作室,策划部,绩效浮动,"3,858.20","3,858.20","3,858.20","3,858.20","3,858.20","3,858.20","3,858.20","3,858.20","3,858.20","3,858.20","3,858.20","3,858.20","46,298.40"
HC-0003,孙亮,正编,1900006,游戏工作室群,幻塔工作室,策划部,社保总额,"2,893.65","2,893.65","2,893.65","2,893.65","2,893.65","2,893.65","2,893.65","2,893.65","2,893.65","2,893.65","2,893.65","2,893.65","34,723.80"
HC-0003,孙亮,正编,1900006,游戏工作室群,幻塔工作室,策划部,公积金总额,"2,314.92","2,314.92","2,314.92","2,314.92","2,314.92","2,314.92","2,314.92","2,314.92","2,314.92","2,314.92","2,314.92","2,314.92","27,779.04"
HC-0003,孙亮,正编,1900006,游戏工作室群,幻塔工作室,策划部,工会经费,50.00,50.00,50.00,50.00,50.00,50.00,50.00,50.00,50.00,50.00,50.00,50.00,600.00
HC-0003,孙亮,正编,1900006,游戏工作室群,幻塔工作室,策划部,商业保险,200.00,200.00,200.00,200.00,200.00,200.00,200.00,200.00,200.00,200.00,200.00,200.00,"2,400.00"
HC-0003,孙亮,正编,1900006,游戏工作室群,幻塔工作室,策划部,项目标签,代号:远方,代号:远方,代号:远方,代号:远方,代号:远方,代号:远方,代号:远方,代号:远方,代号:远方,代号:远方,代号:远方,代号:远方,-
HC-0002,习榕,正编,1900006,游戏工作室群,幻塔工作室,策划部,HC,1,1,1,1,1,1,1,1,1,1,1,1,1
HC-0002,习榕,正编,1900006,游戏工作室群,幻塔工作室,策划部,工资,"15,122.00","15,122.00","15,122.00","15,122.00","15,122.00","15,122.00","15,122.00","15,122.00","15,122.00","15,122.00","15,122.00","15,122.00","181,464.00"
HC-0002,习榕,正编,1900006,游戏工作室群,幻塔工作室,策划部,饭补,400.00,400.00,400.00,400.00,400.00,400.00,400.00,400.00,400.00,400.00,400.00,400.00,"4,800.00"
HC-0002,习榕,正编,1900006,游戏工作室群,幻塔工作室,策划部,绩效浮动,"3,024.40","3,024.40","3,024.40","3,024.40","3,024.40","3,024.40","3,024.40","3,024.40","3,024.40","3,024.40","3,024.40","3,024.40","36,292.80"
HC-0002,习榕,正编,1900006,游戏工作室群,幻塔工作室,策划部,社保总额,"2,268.30","2,268.30","2,268.30","2,268.30","2,268.30","2,268.30","2,268.30","2,268.30","2,268.30","2,268.30","2,268.30","2,268.30","27,219.60"
HC-0002,习榕,正编,1900006,游戏工作室群,幻塔工作室,策划部,公积金总额,"1,814.64","1,814.64","1,814.64","1,814.64","1,814.64","1,814.64","1,814.64","1,814.64","1,814.64","1,814.64","1,814.64","1,814.64","21,775.68"
HC-0002,习榕,正编,1900006,游戏工作室群,幻塔工作室,策划部,工会经费,50.00,50.00,50.00,50.00,50.00,50.00,50.00,50.00,50.00,50.00,50.00,50.00,600.00
HC-0002,习榕,正编,1900006,游戏工作室群,幻塔工作室,策划部,商业保险,200.00,200.00,200.00,200.00,200.00,200.00,200.00,200.00,200.00,200.00,200.00,200.00,"2,400.00"
HC-0002,习榕,正编,1900006,游戏工作室群,幻塔工作室,策划部,项目标签,商业化运营平台,商业化运营平台,商业化运营平台,商业化运营平台,商业化运营平台,商业化运营平台,商业化运营平台,商业化运营平台,商业化运营平台,商业化运营平台,商业化运营平台,商业化运营平台,-
HC-0001,赖鹏,正编,1900006,游戏工作室群,幻塔工作室,策划部,HC,1,1,1,1,1,1,1,1,1,1,1,1,1
HC-0001,赖鹏,正编,1900006,游戏工作室群,幻塔工作室,策划部,工资,"24,513.00","24,513.00","24,513.00","24,513.00","24,513.00","24,513.00","24,513.00","24,513.00","24,513.00","24,513.00","24,513.00","24,513.00","294,156.00"
HC-0001,赖鹏,正编,1900006,游戏工作室群,幻塔工作室,策划部,饭补,400.00,400.00,400.00,400.00,400.00,400.00,400.00,400.00,400.00,400.00,400.00,400.00,"4,800.00"
HC-0001,赖鹏,正编,1900006,游戏工作室群,幻塔工作室,策划部,绩效浮动,"4,902.60","4,902.60","4,902.60","4,902.60","4,902.60","4,902.60","4,902.60","4,902.60","4,902.60","4,902.60","4,902.60","4,902.60","58,831.20"
HC-0001,赖鹏,正编,1900006,游戏工作室群,幻塔工作室,策划部,社保总额,"3,676.95","3,676.95","3,676.95","3,676.95","3,676.95","3,676.95","3,676.95","3,676.95","3,676.95","3,676.95","3,676.95","3,676.95","44,123.40"
HC-0001,赖鹏,正编,1900006,游戏工作室群,幻塔工作室,策划部,公积金总额,"2,941.56","2,941.56","2,941.56","2,941.56","2,941.56","2,941.56","2,941.56","2,941.56","2,941.56","2,941.56","2,941.56","2,941.56","35,298.72"
HC-0001,赖鹏,正编,1900006,游戏工作室群,幻塔工作室,策划部,工会经费,50.00,50.00,50.00,50.00,50.00,50.00,50.00,50.00,50.00,50.00,50.00,50.00,600.00
HC-0001,赖鹏,正编,1900006,游戏工作室群,幻塔工作室,策划部,商业保险,200.00,200.00,200.00,200.00,200.00,200.00,200.00,200.00,200.00,200.00,200.00,200.00,"2,400.00"
HC-0001,赖鹏,正编,1900006,游戏工作室群,幻塔工作室,策划部,项目标签,代号:远方,代号:远方,代号:远方,代号:远方,代号:远方,代号:远方,代号:远方,代号:远方,代号:远方,代号:远方,代号:远方,代号:远方,-
Pool-Diff-03,补差额,正编,1900006,游戏工作室群,幻塔工作室,程序部,HC,0,0,0,0,0,0,0,0,0,0,0,0,0
Pool-Diff-03,补差额,正编,1900006,游戏工作室群,幻塔工作室,程序部,工资,0.00,0.00,0.00,0.00,0.00,0.00,0.00,0.00,0.00,0.00,0.00,"5,000.00","5,000.00"
Pool-Diff-03,补差额,正编,1900006,游戏工作室群,幻塔工作室,程序部,饭补,0.00,0.00,0.00,0.00,0.00,0.00,0.00,0.00,0.00,0.00,0.00,0.00,0.00
Pool-Diff-03,补差额,正编,1900006,游戏工作室群,幻塔工作室,程序部,绩效浮动,0.00,0.00,0.00,0.00,0.00,0.00,0.00,0.00,0.00,0.00,0.00,0.00,0.00
Pool-Diff-03,补差额,正编,1900006,游戏工作室群,幻塔工作室,程序部,社保总额,0.00,0.00,0.00,0.00,0.00,0.00,0.00,0.00,0.00,0.00,0.00,0.00,0.00
Pool-Diff-03,补差额,正编,1900006,游戏工作室群,幻塔工作室,程序部,公积金总额,0.00,0.00,0.00,0.00,0.00,0.00,0.00,0.00,0.00,0.00,0.00,0.00,0.00
Pool-Diff-03,补差额,正编,1900006,游戏工作室群,幻塔工作室,程序部,工会经费,0.00,0.00,0.00,0.00,0.00,0.00,0.00,0.00,0.00,0.00,0.00,0.00,0.00
Pool-Diff-03,补差额,正编,1900006,游戏工作室群,幻塔工作室,程序部,商业保险,0.00,0.00,0.00,0.00,0.00,0.00,0.00,0.00,0.00,0.00,0.00,0.00,0.00
Pool-Diff-03,补差额,正编,1900006,游戏工作室群,幻塔工作室,程序部,项目标签,-,-,-,-,-,-,-,-,-,-,-,-,-
HC-0025,季航,正编,1900006,游戏工作室群,幻塔工作室,程序部,HC,1,1,1,1,1,1,1,1,1,1,1,1,1
HC-0025,季航,正编,1900006,游戏工作室群,幻塔工作室,程序部,工资,"27,241.00","27,241.00","27,241.00","27,241.00","27,241.00","27,241.00","27,241.00","27,241.00","27,241.00","27,241.00","27,241.00","27,241.00","326,892.00"
HC-0025,季航,正编,1900006,游戏工作室群,幻塔工作室,程序部,饭补,400.00,400.00,400.00,400.00,400.00,400.00,400.00,400.00,400.00,400.00,400.00,400.00,"4,800.00"
HC-0025,季航,正编,1900006,游戏工作室群,幻塔工作室,程序部,绩效浮动,"5,448.20","5,448.20","5,448.20","5,448.20","5,448.20","5,448.20","5,448.20","5,448.20","5,448.20","5,448.20","5,448.20","5,448.20","65,378.40"
HC-0025,季航,正编,1900006,游戏工作室群,幻塔工作室,程序部,社保总额,"4,086.15","4,086.15","4,086.15","4,086.15","4,086.15","4,086.15","4,086.15","4,086.15","4,086.15","4,086.15","4,086.15","4,086.15","49,033.80"
HC-0025,季航,正编,1900006,游戏工作室群,幻塔工作室,程序部,公积金总额,"3,268.92","3,268.92","3,268.92","3,268.92","3,268.92","3,268.92","3,268.92","3,268.92","3,268.92","3,268.92","3,268.92","3,268.92","39,227.04"
HC-0025,季航,正编,1900006,游戏工作室群,幻塔工作室,程序部,工会经费,50.00,50.00,50.00,50.00,50.00,50.00,50.00,50.00,50.00,50.00,50.00,50.00,600.00
HC-0025,季航,正编,1900006,游戏工作室群,幻塔工作室,程序部,商业保险,200.00,200.00,200.00,200.00,200.00,200.00,200.00,200.00,200.00,200.00,200.00,200.00,"2,400.00"
HC-0025,季航,正编,1900006,游戏工作室群,幻塔工作室,程序部,项目标签,幻塔重制版,幻塔重制版,幻塔重制版,幻塔重制版,幻塔重制版,幻塔重制版,幻塔重制版,幻塔重制版,幻塔重制版,幻塔重制版,幻塔重制版,幻塔重制版,-
HC-0024,巢思,正编,1900006,游戏工作室群,幻塔工作室,程序部,HC,1,1,1,1,1,1,1,1,1,1,1,1,1
HC-0024,巢思,正编,1900006,游戏工作室群,幻塔工作室,程序部,工资,"16,546.00","16,546.00","16,546.00","16,546.00","16,546.00","16,546.00","16,546.00","16,546.00","16,546.00","16,546.00","16,546.00","16,546.00","198,552.00"
HC-0024,巢思,正编,1900006,游戏工作室群,幻塔工作室,程序部,饭补,400.00,400.00,400.00,400.00,400.00,400.00,400.00,400.00,400.00,400.00,400.00,400.00,"4,800.00"
HC-0024,巢思,正编,1900006,游戏工作室群,幻塔工作室,程序部,绩效浮动,"3,309.20","3,309.20","3,309.20","3,309.20","3,309.20","3,309.20","3,309.20","3,309.20","3,309.20","3,309.20","3,309.20","3,309.20","39,710.40"
HC-0024,巢思,正编,1900006,游戏工作室群,幻塔工作室,程序部,社保总额,"2,481.90","2,481.90","2,481.90","2,481.90","2,481.90","2,481.90","2,481.90","2,481.90","2,481.90","2,481.90","2,481.90","2,481.90","29,782.80"
HC-0024,巢思,正编,1900006,游戏工作室群,幻塔工作室,程序部,公积金总额,"1,985.52","1,985.52","1,985.52","1,985.52","1,985.52","1,985.52","1,985.52","1,985.52","1,985.52","1,985.52","1,985.52","1,985.52","23,826.24"
HC-0024,巢思,正编,1900006,游戏工作室群,幻塔工作室,程序部,工会经费,50.00,50.00,50.00,50.00,50.00,50.00,50.00,50.00,50.00,50.00,50.00,50.00,600.00
HC-0024,巢思,正编,1900006,游戏工作室群,幻塔工作室,程序部,商业保险,200.00,200.00,200.00,200.00,200.00,200.00,200.00,200.00,200.00,200.00,200.00,200.00,"2,400.00"
HC-0024,巢思,正编,1900006,游戏工作室群,幻塔工作室,程序部,项目标签,仙剑世界,仙剑世界,仙剑世界,仙剑世界,仙剑世界,仙剑世界,仙剑世界,仙剑世界,仙剑世界,仙剑世界,仙剑世界,仙剑世界,-
HC-0023,奚嘉,正编,1900006,游戏工作室群,幻塔工作室,程序部,HC,1,1,1,1,1,1,1,1,1,1,1,1,1
HC-0023,奚嘉,正编,1900006,游戏工作室群,幻塔工作室,程序部,工资,"33,784.00","33,784.00","33,784.00","33,784.00","33,784.00","33,784.00","33,784.00","33,784.00","33,784.00","33,784.00","33,784.00","33,784.00","405,408.00"
HC-0023,奚嘉,正编,1900006,游戏工作室群,幻塔工作室,程序部,饭补,400.00,400.00,400.00,400.00,400.00,400.00,400.00,400.00,400.00,400.00,400.00,400.00,"4,800.00"
HC-0023,奚嘉,正编,1900006,游戏工作室群,幻塔工作室,程序部,绩效浮动,"6,756.80","6,756.80","6,756.80","6,756.80","6,756.80","6,756.80","6,756.80","6,756.80","6,756.80","6,756.80","6,756.80","6,756.80","81,081.60"
HC-0023,奚嘉,正编,1900006,游戏工作室群,幻塔工作室,程序部,社保总额,"5,067.60","5,067.60","5,067.60","5,067.60","5,067.60","5,067.60","5,067.60","5,067.60","5,067.60","5,067.60","5,067.60","5,067.60","60,811.20"
HC-0023,奚嘉,正编,1900006,游戏工作室群,幻塔工作室,程序部,公积金总额,"4,054.08","4,054.08","4,054.08","4,054.08","4,054.08","4,054.08","4,054.08","4,054.08","4,054.08","4,054.08","4,054.08","4,054.08","48,648.96"
HC-0023,奚嘉,正编,1900006,游戏工作室群,幻塔工作室,程序部,工会经费,50.00,50.00,50.00,50.00,50.00,50.00,50.00,50.00,50.00,50.00,50.00,50.00,600.00
HC-0023,奚嘉,正编,1900006,游戏工作室群,幻塔工作室,程序部,商业保险,200.00,200.00,200.00,200.00,200.00,200.00,200.00,200.00,200.00,200.00,200.00,200.00,"2,400.00"
HC-0023,奚嘉,正编,1900006,游戏工作室群,幻塔工作室,程序部,项目标签,基础技术中台,基础技术中台,基础技术中台,基础技术中台,基础技术中台,基础技术中台,基础技术中台,基础技术中台,基础技术中台,基础技术中台,基础技术中台,基础技术中台,-
HC-0022,潘建,正编,1900006,游戏工作室群,幻塔工作室,程序部,HC,1,1,1,1,1,1,1,1,1,1,1,1,1
HC-0022,潘建,正编,1900006,游戏工作室群,幻塔工作室,程序部,工资,"32,023.00","32,023.00","32,023.00","32,023.00","32,023.00","32,023.00","32,023.00","32,023.00","32,023.00","32,023.00","32,023.00","32,023.00","384,276.00"
HC-0022,潘建,正编,1900006,游戏工作室群,幻塔工作室,程序部,饭补,400.00,400.00,400.00,400.00,400.00,400.00,400.00,400.00,400.00,400.00,400.00,400.00,"4,800.00"
HC-0022,潘建,正编,1900006,游戏工作室群,幻塔工作室,程序部,绩效浮动,"6,404.60","6,404.60","6,404.60","6,404.60","6,404.60","6,404.60","6,404.60","6,404.60","6,404.60","6,404.60","6,404.60","6,404.60","76,855.20"
HC-0022,潘建,正编,1900006,游戏工作室群,幻塔工作室,程序部,社保总额,"4,803.45","4,803.45","4,803.45","4,803.45","4,803.45","4,803.45","4,803.45","4,803.45","4,803.45","4,803.45","4,803.45","4,803.45","57,641.40"
HC-0022,潘建,正编,1900006,游戏工作室群,幻塔工作室,程序部,公积金总额,"3,842.76","3,842.76","3,842.76","3,842.76","3,842.76","3,842.76","3,842.76","3,842.76","3,842.76","3,842.76","3,842.76","3,842.76","46,113.12"
HC-0022,潘建,正编,1900006,游戏工作室群,幻塔工作室,程序部,工会经费,50.00,50.00,50.00,50.00,50.00,50.00,50.00,50.00,50.00,50.00,50.00,50.00,600.00
HC-0022,潘建,正编,1900006,游戏工作室群,幻塔工作室,程序部,商业保险,200.00,200.00,200.00,200.00,200.00,200.00,200.00,200.00,200.00,200.00,200.00,200.00,"2,400.00"
HC-0022,潘建,正编,1900006,游戏工作室群,幻塔工作室,程序部,项目标签,幻塔重制版,幻塔重制版,幻塔重制版,幻塔重制版,幻塔重制版,幻塔重制版,幻塔重制版,幻塔重制版,幻塔重制版,幻塔重制版,幻塔重制版,幻塔重制版,-
HC-0021,孙飞,正编,1900006,游戏工作室群,幻塔工作室,程序部,HC,1,1,1,1,1,1,1,1,1,1,1,1,1
HC-0021,孙飞,正编,1900006,游戏工作室群,幻塔工作室,程序部,工资,"34,806.00","34,806.00","34,806.00","34,806.00","34,806.00","34,806.00","34,806.00","34,806.00","34,806.00","34,806.00","34,806.00","34,806.00","417,672.00"
HC-0021,孙飞,正编,1900006,游戏工作室群,幻塔工作室,程序部,饭补,400.00,400.00,400.00,400.00,400.00,400.00,400.00,400.00,400.00,400.00,400.00,400.00,"4,800.00"
HC-0021,孙飞,正编,1900006,游戏工作室群,幻塔工作室,程序部,绩效浮动,"6,961.20","6,961.20","6,961.20","6,961.20","6,961.20","6,961.20","6,961.20","6,961.20","6,961.20","6,961.20","6,961.20","6,961.20","83,534.40"
HC-0021,孙飞,正编,1900006,游戏工作室群,幻塔工作室,程序部,社保总额,"5,220.90","5,220.90","5,220.90","5,220.90","5,220.90","5,220.90","5,220.90","5,220.90","5,220.90","5,220.90","5,220.90","5,220.90","62,650.80"
HC-0021,孙飞,正编,1900006,游戏工作室群,幻塔工作室,程序部,公积金总额,"4,176.72","4,176.72","4,176.72","4,176.72","4,176.72","4,176.72","4,176.72","4,176.72","4,176.72","4,176.72","4,176.72","4,176.72","50,120.64"
HC-0021,孙飞,正编,1900006,游戏工作室群,幻塔工作室,程序部,工会经费,50.00,50.00,50.00,50.00,50.00,50.00,50.00,50.00,50.00,50.00,50.00,50.00,600.00
HC-0021,孙飞,正编,1900006,游戏工作室群,幻塔工作室,程序部,商业保险,200.00,200.00,200.00,200.00,200.00,200.00,200.00,200.00,200.00,200.00,200.00,200.00,"2,400.00"
HC-0021,孙飞,正编,1900006,游戏工作室群,幻塔工作室,程序部,项目标签,仙剑世界,仙剑世界,仙剑世界,仙剑世界,仙剑世界,仙剑世界,仙剑世界,仙剑世界,仙剑世界,仙剑世界,仙剑世界,仙剑世界,-
HC-0020,薄伯,正编,1900006,游戏工作室群,幻塔工作室,程序部,HC,1,1,1,1,1,1,1,1,1,1,1,1,1
HC-0020,薄伯,正编,1900006,游戏工作室群,幻塔工作室,程序部,工资,"39,862.00","39,862.00","39,862.00","39,862.00","39,862.00","39,862.00","39,862.00","39,862.00","39,862.00","39,862.00","39,862.00","39,862.00","478,344.00"
HC-0020,薄伯,正编,1900006,游戏工作室群,幻塔工作室,程序部,饭补,400.00,400.00,400.00,400.00,400.00,400.00,400.00,400.00,400.00,400.00,400.00,400.00,"4,800.00"
HC-0020,薄伯,正编,1900006,游戏工作室群,幻塔工作室,程序部,绩效浮动,"7,972.40","7,972.40","7,972.40","7,972.40","7,972.40","7,972.40","7,972.40","7,972.40","7,972.40","7,972.40","7,972.40","7,972.40","95,668.80"
HC-0020,薄伯,正编,1900006,游戏工作室群,幻塔工作室,程序部,社保总额,"5,979.30","5,979.30","5,979.30","5,979.30","5,979.30","5,979.30","5,979.30","5,979.30","5,979.30","5,979.30","5,979.30","5,979.30","71,751.60"
HC-0020,薄伯,正编,1900006,游戏工作室群,幻塔工作室,程序部,公积金总额,"4,783.44","4,783.44","4,783.44","4,783.44","4,783.44","4,783.44","4,783.44","4,783.44","4,783.44","4,783.44","4,783.44","4,783.44","57,401.28"
HC-0020,薄伯,正编,1900006,游戏工作室群,幻塔工作室,程序部,工会经费,50.00,50.00,50.00,50.00,50.00,50.00,50.00,50.00,50.00,50.00,50.00,50.00,600.00
HC-0020,薄伯,正编,1900006,游戏工作室群,幻塔工作室,程序部,商业保险,200.00,200.00,200.00,200.00,200.00,200.00,200.00,200.00,200.00,200.00,200.00,200.00,"2,400.00"
HC-0020,薄伯,正编,1900006,游戏工作室群,幻塔工作室,程序部,项目标签,代号:远方,代号:远方,代号:远方,代号:远方,代号:远方,代号:远方,代号:远方,代号:远方,代号:远方,代号:远方,代号:远方,代号:远方,-
HC-0019,咸海,正编,1900006,游戏工作室群,幻塔工作室,程序部,HC,1,1,1,1,1,1,1,1,1,1,1,1,1
HC-0019,咸海,正编,1900006,游戏工作室群,幻塔工作室,程序部,工资,"35,854.00","35,854.00","35,854.00","35,854.00","35,854.00","35,854.00","35,854.00","35,854.00","35,854.00","35,854.00","35,854.00","35,854.00","430,248.00"
HC-0019,咸海,正编,1900006,游戏工作室群,幻塔工作室,程序部,饭补,400.00,400.00,400.00,400.00,400.00,400.00,400.00,400.00,400.00,400.00,400.00,400.00,"4,800.00"
HC-0019,咸海,正编,1900006,游戏工作室群,幻塔工作室,程序部,绩效浮动,"7,170.80","7,170.80","7,170.80","7,170.80","7,170.80","7,170.80","7,170.80","7,170.80","7,170.80","7,170.80","7,170.80","7,170.80","86,049.60"
HC-0019,咸海,正编,1900006,游戏工作室群,幻塔工作室,程序部,社保总额,"5,378.10","5,378.10","5,378.10","5,378.10","5,378.10","5,378.10","5,378.10","5,378.10","5,378.10","5,378.10","5,378.10","5,378.10","64,537.20"
HC-0019,咸海,正编,1900006,游戏工作室群,幻塔工作室,程序部,公积金总额,"4,302.48","4,302.48","4,302.48","4,302.48","4,302.48","4,302.48","4,302.48","4,302.48","4,302.48","4,302.48","4,302.48","4,302.48","51,629.76"
HC-0019,咸海,正编,1900006,游戏工作室群,幻塔工作室,程序部,工会经费,50.00,50.00,50.00,50.00,50.00,50.00,50.00,50.00,50.00,50.00,50.00,50.00,600.00
HC-0019,咸海,正编,1900006,游戏工作室群,幻塔工作室,程序部,商业保险,200.00,200.00,200.00,200.00,200.00,200.00,200.00,200.00,200.00,200.00,200.00,200.00,"2,400.00"
HC-0019,咸海,正编,1900006,游戏工作室群,幻塔工作室,程序部,项目标签,幻塔重制版,幻塔重制版,幻塔重制版,幻塔重制版,幻塔重制版,幻塔重制版,幻塔重制版,幻塔重制版,幻塔重制版,幻塔重制版,幻塔重制版,幻塔重制版,-
HC-0018,能飞,正编,1900006,游戏工作室群,幻塔工作室,程序部,HC,1,1,1,1,1,1,1,1,1,1,1,1,1
HC-0018,能飞,正编,1900006,游戏工作室群,幻塔工作室,程序部,工资,"21,548.00","21,548.00","21,548.00","21,548.00","21,548.00","21,548.00","21,548.00","21,548.00","21,548.00","21,548.00","21,548.00","21,548.00","258,576.00"
HC-0018,能飞,正编,1900006,游戏工作室群,幻塔工作室,程序部,饭补,400.00,400.00,400.00,400.00,400.00,400.00,400.00,400.00,400.00,400.00,400.00,400.00,"4,800.00"
HC-0018,能飞,正编,1900006,游戏工作室群,幻塔工作室,程序部,绩效浮动,"4,309.60","4,309.60","4,309.60","4,309.60","4,309.60","4,309.60","4,309.60","4,309.60","4,309.60","4,309.60","4,309.60","4,309.60","51,715.20"
HC-0018,能飞,正编,1900006,游戏工作室群,幻塔工作室,程序部,社保总额,"3,232.20","3,232.20","3,232.20","3,232.20","3,232.20","3,232.20","3,232.20","3,232.20","3,232.20","3,232.20","3,232.20","3,232.20","38,786.40"
HC-0018,能飞,正编,1900006,游戏工作室群,幻塔工作室,程序部,公积金总额,"2,585.76","2,585.76","2,585.76","2,585.76","2,585.76","2,585.76","2,585.76","2,585.76","2,585.76","2,585.76","2,585.76","2,585.76","31,029.12"
HC-0018,能飞,正编,1900006,游戏工作室群,幻塔工作室,程序部,工会经费,50.00,50.00,50.00,50.00,50.00,50.00,50.00,50.00,50.00,50.00,50.00,50.00,600.00
HC-0018,能飞,正编,1900006,游戏工作室群,幻塔工作室,程序部,商业保险,200.00,200.00,200.00,200.00,200.00,200.00,200.00,200.00,200.00,200.00,200.00,200.00,"2,400.00"
HC-0018,能飞,正编,1900006,游戏工作室群,幻塔工作室,程序部,项目标签,幻塔重制版,幻塔重制版,幻塔重制版,幻塔重制版,幻塔重制版,幻塔重制版,幻塔重制版,幻塔重制版,幻塔重制版,幻塔重制版,幻塔重制版,幻塔重制版,-
HC-0017,乔时,正编,1900006,游戏工作室群,幻塔工作室,程序部,HC,1,1,1,1,1,1,1,1,1,1,1,1,1
HC-0017,乔时,正编,1900006,游戏工作室群,幻塔工作室,程序部,工资,"18,628.00","18,628.00","18,628.00","18,628.00","18,628.00","18,628.00","18,628.00","18,628.00","18,628.00","18,628.00","18,628.00","18,628.00","223,536.00"
HC-0017,乔时,正编,1900006,游戏工作室群,幻塔工作室,程序部,饭补,400.00,400.00,400.00,400.00,400.00,400.00,400.00,400.00,400.00,400.00,400.00,400.00,"4,800.00"
HC-0017,乔时,正编,1900006,游戏工作室群,幻塔工作室,程序部,绩效浮动,"3,725.60","3,725.60","3,725.60","3,725.60","3,725.60","3,725.60","3,725.60","3,725.60","3,725.60","3,725.60","3,725.60","3,725.60","44,707.20"
HC-0017,乔时,正编,1900006,游戏工作室群,幻塔工作室,程序部,社保总额,"2,794.20","2,794.20","2,794.20","2,794.20","2,794.20","2,794.20","2,794.20","2,794.20","2,794.20","2,794.20","2,794.20","2,794.20","33,530.40"
HC-0017,乔时,正编,1900006,游戏工作室群,幻塔工作室,程序部,公积金总额,"2,235.36","2,235.36","2,235.36","2,235.36","2,235.36","2,235.36","2,235.36","2,235.36","2,235.36","2,235.36","2,235.36","2,235.36","26,824.32"
HC-0017,乔时,正编,1900006,游戏工作室群,幻塔工作室,程序部,工会经费,50.00,50.00,50.00,50.00,50.00,50.00,50.00,50.00,50.00,50.00,50.00,50.00,600.00
HC-0017,乔时,正编,1900006,游戏工作室群,幻塔工作室,程序部,商业保险,200.00,200.00,200.00,200.00,200.00,200.00,200.00,200.00,200.00,200.00,200.00,200.00,"2,400.00"
HC-0017,乔时,正编,1900006,游戏工作室群,幻塔工作室,程序部,项目标签,代号:远方,代号:远方,代号:远方,代号:远方,代号:远方,代号:远方,代号:远方,代号:远方,代号:远方,代号:远方,代号:远方,代号:远方,-
HC-0016,蓬裕,正编,1900006,游戏工作室群,幻塔工作室,程序部,HC,1,1,1,1,1,1,1,1,1,1,1,1,1
HC-0016,蓬裕,正编,1900006,游戏工作室群,幻塔工作室,程序部,工资,"25,109.00","25,109.00","25,109.00","25,109.00","25,109.00","25,109.00","25,109.00","25,109.00","25,109.00","25,109.00","25,109.00","25,109.00","301,308.00"
HC-0016,蓬裕,正编,1900006,游戏工作室群,幻塔工作室,程序部,饭补,400.00,400.00,400.00,400.00,400.00,400.00,400.00,400.00,400.00,400.00,400.00,400.00,"4,800.00"
HC-0016,蓬裕,正编,1900006,游戏工作室群,幻塔工作室,程序部,绩效浮动,"5,021.80","5,021.80","5,021.80","5,021.80","5,021.80","5,021.80","5,021.80","5,021.80","5,021.80","5,021.80","5,021.80","5,021.80","60,261.60"
HC-0016,蓬裕,正编,1900006,游戏工作室群,幻塔工作室,程序部,社保总额,"3,766.35","3,766.35","3,766.35","3,766.35","3,766.35","3,766.35","3,766.35","3,766.35","3,766.35","3,766.35","3,766.35","3,766.35","45,196.20"
HC-0016,蓬裕,正编,1900006,游戏工作室群,幻塔工作室,程序部,公积金总额,"3,013.08","3,013.08","3,013.08","3,013.08","3,013.08","3,013.08","3,013.08","3,013.08","3,013.08","3,013.08","3,013.08","3,013.08","36,156.96"
HC-0016,蓬裕,正编,1900006,游戏工作室群,幻塔工作室,程序部,工会经费,50.00,50.00,50.00,50.00,50.00,50.00,50.00,50.00,50.00,50.00,50.00,50.00,600.00
HC-0016,蓬裕,正编,1900006,游戏工作室群,幻塔工作室,程序部,商业保险,200.00,200.00,200.00,200.00,200.00,200.00,200.00,200.00,200.00,200.00,200.00,200.00,"2,400.00"
HC-0016,蓬裕,正编,1900006,游戏工作室群,幻塔工作室,程序部,项目标签,幻塔重制版,幻塔重制版,幻塔重制版,幻塔重制版,幻塔重制版,幻塔重制版,幻塔重制版,幻塔重制版,幻塔重制版,幻塔重制版,幻塔重制版,幻塔重制版,-
Pool-Diff-07,补差额,正编,1900006,游戏工作室群,幻塔工作室,测试部,HC,0,0,0,0,0,0,0,0,0,0,0,0,0
Pool-Diff-07,补差额,正编,1900006,游戏工作室群,幻塔工作室,测试部,工资,0.00,0.00,0.00,0.00,0.00,0.00,0.00,0.00,0.00,0.00,"-2,000.00","-2,000.00","-4,000.00"
Pool-Diff-07,补差额,正编,1900006,游戏工作室群,幻塔工作室,测试部,饭补,0.00,0.00,0.00,0.00,0.00,0.00,0.00,0.00,0.00,0.00,0.00,0.00,0.00
Pool-Diff-07,补差额,正编,1900006,游戏工作室群,幻塔工作室,测试部,绩效浮动,0.00,0.00,0.00,0.00,0.00,0.00,0.00,0.00,0.00,0.00,0.00,0.00,0.00
Pool-Diff-07,补差额,正编,1900006,游戏工作室群,幻塔工作室,测试部,社保总额,0.00,0.00,0.00,0.00,0.00,0.00,0.00,0.00,0.00,0.00,0.00,0.00,0.00
Pool-Diff-07,补差额,正编,1900006,游戏工作室群,幻塔工作室,测试部,公积金总额,0.00,0.00,0.00,0.00,0.00,0.00,0.00,0.00,0.00,0.00,0.00,0.00,0.00
Pool-Diff-07,补差额,正编,1900006,游戏工作室群,幻塔工作室,测试部,工会经费,0.00,0.00,0.00,0.00,0.00,0.00,0.00,0.00,0.00,0.00,0.00,0.00,0.00
Pool-Diff-07,补差额,正编,1900006,游戏工作室群,幻塔工作室,测试部,商业保险,0.00,0.00,0.00,0.00,0.00,0.00,0.00,0.00,0.00,0.00,0.00,0.00,0.00
Pool-Diff-07,补差额,正编,1900006,游戏工作室群,幻塔工作室,测试部,项目标签,-,-,-,-,-,-,-,-,-,-,-,-,-
HC-0055,符弘,正编,1900006,游戏工作室群,幻塔工作室,测试部,HC,1,1,1,1,1,1,1,1,1,1,1,1,1
HC-0055,符弘,正编,1900006,游戏工作室群,幻塔工作室,测试部,工资,"23,632.00","23,632.00","23,632.00","23,632.00","23,632.00","23,632.00","23,632.00","23,632.00","23,632.00","23,632.00","23,632.00","23,632.00","283,584.00"
HC-0055,符弘,正编,1900006,游戏工作室群,幻塔工作室,测试部,饭补,400.00,400.00,400.00,400.00,400.00,400.00,400.00,400.00,400.00,400.00,400.00,400.00,"4,800.00"
HC-0055,符弘,正编,1900006,游戏工作室群,幻塔工作室,测试部,绩效浮动,"4,726.40","4,726.40","4,726.40","4,726.40","4,726.40","4,726.40","4,726.40","4,726.40","4,726.40","4,726.40","4,726.40","4,726.40","56,716.80"
HC-0055,符弘,正编,1900006,游戏工作室群,幻塔工作室,测试部,社保总额,"3,544.80","3,544.80","3,544.80","3,544.80","3,544.80","3,544.80","3,544.80","3,544.80","3,544.80","3,544.80","3,544.80","3,544.80","42,537.60"
HC-0055,符弘,正编,1900006,游戏工作室群,幻塔工作室,测试部,公积金总额,"2,835.84","2,835.84","2,835.84","2,835.84","2,835.84","2,835.84","2,835.84","2,835.84","2,835.84","2,835.84","2,835.84","2,835.84","34,030.08"
HC-0055,符弘,正编,1900006,游戏工作室群,幻塔工作室,测试部,工会经费,50.00,50.00,50.00,50.00,50.00,50.00,50.00,50.00,50.00,50.00,50.00,50.00,600.00
HC-0055,符弘,正编,1900006,游戏工作室群,幻塔工作室,测试部,商业保险,200.00,200.00,200.00,200.00,200.00,200.00,200.00,200.00,200.00,200.00,200.00,200.00,"2,400.00"
HC-0055,符弘,正编,1900006,游戏工作室群,幻塔工作室,测试部,项目标签,商业化运营平台,商业化运营平台,商业化运营平台,商业化运营平台,商业化运营平台,商业化运营平台,商业化运营平台,商业化运营平台,商业化运营平台,商业化运营平台,商业化运营平台,商业化运营平台,-
HC-0054,暨克,正编,1900006,游戏工作室群,幻塔工作室,测试部,HC,1,1,1,1,1,1,1,1,1,1,1,1,1
HC-0054,暨克,正编,1900006,游戏工作室群,幻塔工作室,测试部,工资,"33,064.00","33,064.00","33,064.00","33,064.00","33,064.00","33,064.00","33,064.00","33,064.00","33,064.00","33,064.00","33,064.00","33,064.00","396,768.00"
HC-0054,暨克,正编,1900006,游戏工作室群,幻塔工作室,测试部,饭补,400.00,400.00,400.00,400.00,400.00,400.00,400.00,400.00,400.00,400.00,400.00,400.00,"4,800.00"
HC-0054,暨克,正编,1900006,游戏工作室群,幻塔工作室,测试部,绩效浮动,"6,612.80","6,612.80","6,612.80","6,612.80","6,612.80","6,612.80","6,612.80","6,612.80","6,612.80","6,612.80","6,612.80","6,612.80","79,353.60"
HC-0054,暨克,正编,1900006,游戏工作室群,幻塔工作室,测试部,社保总额,"4,959.60","4,959.60","4,959.60","4,959.60","4,959.60","4,959.60","4,959.60","4,959.60","4,959.60","4,959.60","4,959.60","4,959.60","59,515.20"
HC-0054,暨克,正编,1900006,游戏工作室群,幻塔工作室,测试部,公积金总额,"3,967.68","3,967.68","3,967.68","3,967.68","3,967.68","3,967.68","3,967.68","3,967.68","3,967.68","3,967.68","3,967.68","3,967.68","47,612.16"
HC-0054,暨克,正编,1900006,游戏工作室群,幻塔工作室,测试部,工会经费,50.00,50.00,50.00,50.00,50.00,50.00,50.00,50.00,50.00,50.00,50.00,50.00,600.00
HC-0054,暨克,正编,1900006,游戏工作室群,幻塔工作室,测试部,商业保险,200.00,200.00,200.00,200.00,200.00,200.00,200.00,200.00,200.00,200.00,200.00,200.00,"2,400.00"
HC-0054,暨克,正编,1900006,游戏工作室群,幻塔工作室,测试部,项目标签,幻塔重制版,幻塔重制版,幻塔重制版,幻塔重制版,幻塔重制版,幻塔重制版,幻塔重制版,幻塔重制版,幻塔重制版,幻塔重制版,幻塔重制版,幻塔重制版,-
HC-0053,滑哲,正编,1900006,游戏工作室群,幻塔工作室,测试部,HC,1,1,1,1,1,1,1,1,1,1,1,1,1
HC-0053,滑哲,正编,1900006,游戏工作室群,幻塔工作室,测试部,工资,"33,013.00","33,013.00","33,013.00","33,013.00","33,013.00","33,013.00","33,013.00","33,013.00","33,013.00","33,013.00","33,013.00","33,013.00","396,156.00"
HC-0053,滑哲,正编,1900006,游戏工作室群,幻塔工作室,测试部,饭补,400.00,400.00,400.00,400.00,400.00,400.00,400.00,400.00,400.00,400.00,400.00,400.00,"4,800.00"
HC-0053,滑哲,正编,1900006,游戏工作室群,幻塔工作室,测试部,绩效浮动,"6,602.60","6,602.60","6,602.60","6,602.60","6,602.60","6,602.60","6,602.60","6,602.60","6,602.60","6,602.60","6,602.60","6,602.60","79,231.20"
HC-0053,滑哲,正编,1900006,游戏工作室群,幻塔工作室,测试部,社保总额,"4,951.95","4,951.95","4,951.95","4,951.95","4,951.95","4,951.95","4,951.95","4,951.95","4,951.95","4,951.95","4,951.95","4,951.95","59,423.40"
HC-0053,滑哲,正编,1900006,游戏工作室群,幻塔工作室,测试部,公积金总额,"3,961.56","3,961.56","3,961.56","3,961.56","3,961.56","3,961.56","3,961.56","3,961.56","3,961.56","3,961.56","3,961.56","3,961.56","47,538.72"
HC-0053,滑哲,正编,1900006,游戏工作室群,幻塔工作室,测试部,工会经费,50.00,50.00,50.00,50.00,50.00,50.00,50.00,50.00,50.00,50.00,50.00,50.00,600.00
HC-0053,滑哲,正编,1900006,游戏工作室群,幻塔工作室,测试部,商业保险,200.00,200.00,200.00,200.00,200.00,200.00,200.00,200.00,200.00,200.00,200.00,200.00,"2,400.00"
HC-0053,滑哲,正编,1900006,游戏工作室群,幻塔工作室,测试部,项目标签,商业化运营平台,商业化运营平台,商业化运营平台,商业化运营平台,商业化运营平台,商业化运营平台,商业化运营平台,商业化运营平台,商业化运营平台,商业化运营平台,商业化运营平台,商业化运营平台,-
HC-0052,祖静,正编,1900006,游戏工作室群,幻塔工作室,测试部,HC,1,1,1,1,1,1,1,1,1,1,1,1,1
HC-0052,祖静,正编,1900006,游戏工作室群,幻塔工作室,测试部,工资,"19,629.00","19,629.00","19,629.00","19,629.00","19,629.00","19,629.00","19,629.00","19,629.00","19,629.00","19,629.00","19,629.00","19,629.00","235,548.00"
HC-0052,祖静,正编,1900006,游戏工作室群,幻塔工作室,测试部,饭补,400.00,400.00,400.00,400.00,400.00,400.00,400.00,400.00,400.00,400.00,400.00,400.00,"4,800.00"
HC-0052,祖静,正编,1900006,游戏工作室群,幻塔工作室,测试部,绩效浮动,"3,925.80","3,925.80","3,925.80","3,925.80","3,925.80","3,925.80","3,925.80","3,925.80","3,925.80","3,925.80","3,925.80","3,925.80","47,109.60"
HC-0052,祖静,正编,1900006,游戏工作室群,幻塔工作室,测试部,社保总额,"2,944.35","2,944.35","2,944.35","2,944.35","2,944.35","2,944.35","2,944.35","2,944.35","2,944.35","2,944.35","2,944.35","2,944.35","35,332.20"
HC-0052,祖静,正编,1900006,游戏工作室群,幻塔工作室,测试部,公积金总额,"2,355.48","2,355.48","2,355.48","2,355.48","2,355.48","2,355.48","2,355.48","2,355.48","2,355.48","2,355.48","2,355.48","2,355.48","28,265.76"
HC-0052,祖静,正编,1900006,游戏工作室群,幻塔工作室,测试部,工会经费,50.00,50.00,50.00,50.00,50.00,50.00,50.00,50.00,50.00,50.00,50.00,50.00,600.00
HC-0052,祖静,正编,1900006,游戏工作室群,幻塔工作室,测试部,商业保险,200.00,200.00,200.00,200.00,200.00,200.00,200.00,200.00,200.00,200.00,200.00,200.00,"2,400.00"
HC-0052,祖静,正编,1900006,游戏工作室群,幻塔工作室,测试部,项目标签,基础技术中台,基础技术中台,基础技术中台,基础技术中台,基础技术中台,基础技术中台,基础技术中台,基础技术中台,基础技术中台,基础技术中台,基础技术中台,基础技术中台,-
HC-0051,茹厚,正编,1900006,游戏工作室群,幻塔工作室,测试部,HC,1,1,1,1,1,1,1,1,1,1,1,1,1
HC-0051,茹厚,正编,1900006,游戏工作室群,幻塔工作室,测试部,工资,"25,696.00","25,696.00","25,696.00","25,696.00","25,696.00","25,696.00","25,696.00","25,696.00","25,696.00","25,696.00","25,696.00","25,696.00","308,352.00"
HC-0051,茹厚,正编,1900006,游戏工作室群,幻塔工作室,测试部,饭补,400.00,400.00,400.00,400.00,400.00,400.00,400.00,400.00,400.00,400.00,400.00,400.00,"4,800.00"
HC-0051,茹厚,正编,1900006,游戏工作室群,幻塔工作室,测试部,绩效浮动,"5,139.20","5,139.20","5,139.20","5,139.20","5,139.20","5,139.20","5,139.20","5,139.20","5,139.20","5,139.20","5,139.20","5,139.20","61,670.40"
HC-0051,茹厚,正编,1900006,游戏工作室群,幻塔工作室,测试部,社保总额,"3,854.40","3,854.40","3,854.40","3,854.40","3,854.40","3,854.40","3,854.40","3,854.40","3,854.40","3,854.40","3,854.40","3,854.40","46,252.80"
HC-0051,茹厚,正编,1900006,游戏工作室群,幻塔工作室,测试部,公积金总额,"3,083.52","3,083.52","3,083.52","3,083.52","3,083.52","3,083.52","3,083.52","3,083.52","3,083.52","3,083.52","3,083.52","3,083.52","37,002.24"
HC-0051,茹厚,正编,1900006,游戏工作室群,幻塔工作室,测试部,工会经费,50.00,50.00,50.00,50.00,50.00,50.00,50.00,50.00,50.00,50.00,50.00,50.00,600.00
HC-0051,茹厚,正编,1900006,游戏工作室群,幻塔工作室,测试部,商业保险,200.00,200.00,200.00,200.00,200.00,200.00,200.00,200.00,200.00,200.00,200.00,200.00,"2,400.00"
HC-0051,茹厚,正编,1900006,游戏工作室群,幻塔工作室,测试部,项目标签,仙剑世界,仙剑世界,仙剑世界,仙剑世界,仙剑世界,仙剑世界,仙剑世界,仙剑世界,仙剑世界,仙剑世界,仙剑世界,仙剑世界,-
HC-0050,费时,正编,1900006,游戏工作室群,幻塔工作室,测试部,HC,1,1,1,1,1,1,1,1,1,1,1,1,1
HC-0050,费时,正编,1900006,游戏工作室群,幻塔工作室,测试部,工资,"26,337.00","26,337.00","26,337.00","26,337.00","26,337.00","26,337.00","26,337.00","26,337.00","26,337.00","26,337.00","26,337.00","26,337.00","316,044.00"
HC-0050,费时,正编,1900006,游戏工作室群,幻塔工作室,测试部,饭补,400.00,400.00,400.00,400.00,400.00,400.00,400.00,400.00,400.00,400.00,400.00,400.00,"4,800.00"
HC-0050,费时,正编,1900006,游戏工作室群,幻塔工作室,测试部,绩效浮动,"5,267.40","5,267.40","5,267.40","5,267.40","5,267.40","5,267.40","5,267.40","5,267.40","5,267.40","5,267.40","5,267.40","5,267.40","63,208.80"
HC-0050,费时,正编,1900006,游戏工作室群,幻塔工作室,测试部,社保总额,"3,950.55","3,950.55","3,950.55","3,950.55","3,950.55","3,950.55","3,950.55","3,950.55","3,950.55","3,950.55","3,950.55","3,950.55","47,406.60"
HC-0050,费时,正编,1900006,游戏工作室群,幻塔工作室,测试部,公积金总额,"3,160.44","3,160.44","3,160.44","3,160.44","3,160.44","3,160.44","3,160.44","3,160.44","3,160.44","3,160.44","3,160.44","3,160.44","37,925.28"
HC-0050,费时,正编,1900006,游戏工作室群,幻塔工作室,测试部,工会经费,50.00,50.00,50.00,50.00,50.00,50.00,50.00,50.00,50.00,50.00,50.00,50.00,600.00
HC-0050,费时,正编,1900006,游戏工作室群,幻塔工作室,测试部,商业保险,200.00,200.00,200.00,200.00,200.00,200.00,200.00,200.00,200.00,200.00,200.00,200.00,"2,400.00"
HC-0050,费时,正编,1900006,游戏工作室群,幻塔工作室,测试部,项目标签,基础技术中台,基础技术中台,基础技术中台,基础技术中台,基础技术中台,基础技术中台,基础技术中台,基础技术中台,基础技术中台,基础技术中台,基础技术中台,基础技术中台,-
HC-0049,戈玉兰,正编,1900006,游戏工作室群,幻塔工作室,测试部,HC,1,1,1,1,1,1,1,1,1,1,1,1,1
HC-0049,戈玉兰,正编,1900006,游戏工作室群,幻塔工作室,测试部,工资,"39,131.00","39,131.00","39,131.00","39,131.00","39,131.00","39,131.00","39,131.00","39,131.00","39,131.00","39,131.00","39,131.00","39,131.00","469,572.00"
HC-0049,戈玉兰,正编,1900006,游戏工作室群,幻塔工作室,测试部,饭补,400.00,400.00,400.00,400.00,400.00,400.00,400.00,400.00,400.00,400.00,400.00,400.00,"4,800.00"
HC-0049,戈玉兰,正编,1900006,游戏工作室群,幻塔工作室,测试部,绩效浮动,"7,826.20","7,826.20","7,826.20","7,826.20","7,826.20","7,826.20","7,826.20","7,826.20","7,826.20","7,826.20","7,826.20","7,826.20","93,914.40"
HC-0049,戈玉兰,正编,1900006,游戏工作室群,幻塔工作室,测试部,社保总额,"5,869.65","5,869.65","5,869.65","5,869.65","5,869.65","5,869.65","5,869.65","5,869.65","5,869.65","5,869.65","5,869.65","5,869.65","70,435.80"
HC-0049,戈玉兰,正编,1900006,游戏工作室群,幻塔工作室,测试部,公积金总额,"4,695.72","4,695.72","4,695.72","4,695.72","4,695.72","4,695.72","4,695.72","4,695.72","4,695.72","4,695.72","4,695.72","4,695.72","56,348.64"
HC-0049,戈玉兰,正编,1900006,游戏工作室群,幻塔工作室,测试部,工会经费,50.00,50.00,50.00,50.00,50.00,50.00,50.00,50.00,50.00,50.00,50.00,50.00,600.00
HC-0049,戈玉兰,正编,1900006,游戏工作室群,幻塔工作室,测试部,商业保险,200.00,200.00,200.00,200.00,200.00,200.00,200.00,200.00,200.00,200.00,200.00,200.00,"2,400.00"
HC-0049,戈玉兰,正编,1900006,游戏工作室群,幻塔工作室,测试部,项目标签,代号:远方,代号:远方,代号:远方,代号:远方,代号:远方,代号:远方,代号:远方,代号:远方,代号:远方,代号:远方,代号:远方,代号:远方,-
HC-0048,嵇心,正编,1900006,游戏工作室群,幻塔工作室,测试部,HC,1,1,1,1,1,1,1,1,1,1,1,1,1
HC-0048,嵇心,正编,1900006,游戏工作室群,幻塔工作室,测试部,工资,"18,712.00","18,712.00","18,712.00","18,712.00","18,712.00","18,712.00","18,712.00","18,712.00","18,712.00","18,712.00","18,712.00","18,712.00","224,544.00"
HC-0048,嵇心,正编,1900006,游戏工作室群,幻塔工作室,测试部,饭补,400.00,400.00,400.00,400.00,400.00,400.00,400.00,400.00,400.00,400.00,400.00,400.00,"4,800.00"
HC-0048,嵇心,正编,1900006,游戏工作室群,幻塔工作室,测试部,绩效浮动,"3,742.40","3,742.40","3,742.40","3,742.40","3,742.40","3,742.40","3,742.40","3,742.40","3,742.40","3,742.40","3,742.40","3,742.40","44,908.80"
HC-0048,嵇心,正编,1900006,游戏工作室群,幻塔工作室,测试部,社保总额,"2,806.80","2,806.80","2,806.80","2,806.80","2,806.80","2,806.80","2,806.80","2,806.80","2,806.80","2,806.80","2,806.80","2,806.80","33,681.60"
HC-0048,嵇心,正编,1900006,游戏工作室群,幻塔工作室,测试部,公积金总额,"2,245.44","2,245.44","2,245.44","2,245.44","2,245.44","2,245.44","2,245.44","2,245.44","2,245.44","2,245.44","2,245.44","2,245.44","26,945.28"
HC-0048,嵇心,正编,1900006,游戏工作室群,幻塔工作室,测试部,工会经费,50.00,50.00,50.00,50.00,50.00,50.00,50.00,50.00,50.00,50.00,50.00,50.00,600.00
HC-0048,嵇心,正编,1900006,游戏工作室群,幻塔工作室,测试部,商业保险,200.00,200.00,200.00,200.00,200.00,200.00,200.00,200.00,200.00,200.00,200.00,200.00,"2,400.00"
HC-0048,嵇心,正编,1900006,游戏工作室群,幻塔工作室,测试部,项目标签,幻塔重制版,幻塔重制版,幻塔重制版,幻塔重制版,幻塔重制版,幻塔重制版,幻塔重制版,幻塔重制版,幻塔重制版,幻塔重制版,幻塔重制版,幻塔重制版,-
HC-0047,何之,正编,1900006,游戏工作室群,幻塔工作室,测试部,HC,1,1,1,1,1,1,1,1,1,1,1,1,1
HC-0047,何之,正编,1900006,游戏工作室群,幻塔工作室,测试部,工资,"19,930.00","19,930.00","19,930.00","19,930.00","19,930.00","19,930.00","19,930.00","19,930.00","19,930.00","19,930.00","19,930.00","19,930.00","239,160.00"
HC-0047,何之,正编,1900006,游戏工作室群,幻塔工作室,测试部,饭补,400.00,400.00,400.00,400.00,400.00,400.00,400.00,400.00,400.00,400.00,400.00,400.00,"4,800.00"
HC-0047,何之,正编,1900006,游戏工作室群,幻塔工作室,测试部,绩效浮动,"3,986.00","3,986.00","3,986.00","3,986.00","3,986.00","3,986.00","3,986.00","3,986.00","3,986.00","3,986.00","3,986.00","3,986.00","47,832.00"
HC-0047,何之,正编,1900006,游戏工作室群,幻塔工作室,测试部,社保总额,"2,989.50","2,989.50","2,989.50","2,989.50","2,989.50","2,989.50","2,989.50","2,989.50","2,989.50","2,989.50","2,989.50","2,989.50","35,874.00"
HC-0047,何之,正编,1900006,游戏工作室群,幻塔工作室,测试部,公积金总额,"2,391.60","2,391.60","2,391.60","2,391.60","2,391.60","2,391.60","2,391.60","2,391.60","2,391.60","2,391.60","2,391.60","2,391.60","28,699.20"
HC-0047,何之,正编,1900006,游戏工作室群,幻塔工作室,测试部,工会经费,50.00,50.00,50.00,50.00,50.00,50.00,50.00,50.00,50.00,50.00,50.00,50.00,600.00
HC-0047,何之,正编,1900006,游戏工作室群,幻塔工作室,测试部,商业保险,200.00,200.00,200.00,200.00,200.00,200.00,200.00,200.00,200.00,200.00,200.00,200.00,"2,400.00"
HC-0047,何之,正编,1900006,游戏工作室群,幻塔工作室,测试部,项目标签,基础技术中台,基础技术中台,基础技术中台,基础技术中台,基础技术中台,基础技术中台,基础技术中台,基础技术中台,基础技术中台,基础技术中台,基础技术中台,基础技术中台,-
HC-0046,和玉兰,正编,1900006,游戏工作室群,幻塔工作室,测试部,HC,1,1,1,1,1,1,1,1,1,1,1,1,1
HC-0046,和玉兰,正编,1900006,游戏工作室群,幻塔工作室,测试部,工资,"33,719.00","33,719.00","33,719.00","33,719.00","33,719.00","33,719.00","33,719.00","33,719.00","33,719.00","33,719.00","33,719.00","33,719.00","404,628.00"
HC-0046,和玉兰,正编,1900006,游戏工作室群,幻塔工作室,测试部,饭补,400.00,400.00,400.00,400.00,400.00,400.00,400.00,400.00,400.00,400.00,400.00,400.00,"4,800.00"
HC-0046,和玉兰,正编,1900006,游戏工作室群,幻塔工作室,测试部,绩效浮动,"6,743.80","6,743.80","6,743.80","6,743.80","6,743.80","6,743.80","6,743.80","6,743.80","6,743.80","6,743.80","6,743.80","6,743.80","80,925.60"
HC-0046,和玉兰,正编,1900006,游戏工作室群,幻塔工作室,测试部,社保总额,"5,057.85","5,057.85","5,057.85","5,057.85","5,057.85","5,057.85","5,057.85","5,057.85","5,057.85","5,057.85","5,057.85","5,057.85","60,694.20"
HC-0046,和玉兰,正编,1900006,游戏工作室群,幻塔工作室,测试部,公积金总额,"4,046.28","4,046.28","4,046.28","4,046.28","4,046.28","4,046.28","4,046.28","4,046.28","4,046.28","4,046.28","4,046.28","4,046.28","48,555.36"
HC-0046,和玉兰,正编,1900006,游戏工作室群,幻塔工作室,测试部,工会经费,50.00,50.00,50.00,50.00,50.00,50.00,50.00,50.00,50.00,50.00,50.00,50.00,600.00
HC-0046,和玉兰,正编,1900006,游戏工作室群,幻塔工作室,测试部,商业保险,200.00,200.00,200.00,200.00,200.00,200.00,200.00,200.00,200.00,200.00,200.00,200.00,"2,400.00"
HC-0046,和玉兰,正编,1900006,游戏工作室群,幻塔工作室,测试部,项目标签,商业化运营平台,商业化运营平台,商业化运营平台,商业化运营平台,商业化运营平台,商业化运营平台,商业化运营平台,商业化运营平台,商业化运营平台,商业化运营平台,商业化运营平台,商业化运营平台,-
Pool-Diff-10,补差额,人力外包,1900006,游戏工作室群,幻塔工作室,,HC,0,0,0,0,0,0,0,0,0,0,0,0,0
Pool-Diff-10,补差额,人力外包,1900006,游戏工作室群,幻塔工作室,,工资,0.00,0.00,0.00,"1,500.00","1,500.00","1,500.00","1,500.00","1,500.00","1,500.00","1,500.00","1,500.00","1,500.00","13,500.00"
Pool-Diff-10,补差额,人力外包,1900006,游戏工作室群,幻塔工作室,,项目标签,-,-,-,-,-,-,-,-,-,-,-,-,-
Pool-Diff-06,补差额,人力外包,1900006,游戏工作室群,幻塔工作室,美术部,HC,0,0,0,0,0,0,0,0,0,0,0,0,0
Pool-Diff-06,补差额,人力外包,1900006,游戏工作室群,幻塔工作室,美术部,工资,0.00,0.00,0.00,0.00,"1,500.00","1,500.00","1,500.00","1,500.00","1,500.00","1,500.00","1,500.00","1,500.00","12,000.00"
Pool-Diff-06,补差额,人力外包,1900006,游戏工作室群,幻塔工作室,美术部,项目标签,-,-,-,-,-,-,-,-,-,-,-,-,-
HC-0045,吴浩,人力外包,1900006,游戏工作室群,幻塔工作室,美术部,HC,1,1,1,1,1,1,1,1,1,1,1,1,1
HC-0045,吴浩,人力外包,1900006,游戏工作室群,幻塔工作室,美术部,工资,"15,039.00","15,039.00","15,039.00","15,039.00","15,039.00","15,039.00","15,039.00","15,039.00","15,039.00","15,039.00","15,039.00","15,039.00","180,468.00"
HC-0045,吴浩,人力外包,1900006,游戏工作室群,幻塔工作室,美术部,项目标签,商业化运营平台,商业化运营平台,商业化运营平台,商业化运营平台,商业化运营平台,商业化运营平台,商业化运营平台,商业化运营平台,商业化运营平台,商业化运营平台,商业化运营平台,商业化运营平台,-
HC-0044,巩松,人力外包,1900006,游戏工作室群,幻塔工作室,美术部,HC,1,1,1,1,1,1,1,1,1,1,1,1,1
HC-0044,巩松,人力外包,1900006,游戏工作室群,幻塔工作室,美术部,工资,"17,510.00","17,510.00","17,510.00","17,510.00","17,510.00","17,510.00","17,510.00","17,510.00","17,510.00","17,510.00","17,510.00","17,510.00","210,120.00"
HC-0044,巩松,人力外包,1900006,游戏工作室群,幻塔工作室,美术部,项目标签,星云引擎,星云引擎,星云引擎,星云引擎,星云引擎,星云引擎,星云引擎,星云引擎,星云引擎,星云引擎,星云引擎,星云引擎,-
Pool-Diff-02,补差额,人力外包,1900006,游戏工作室群,幻塔工作室,策划部,HC,0,0,0,0,0,0,0,0,0,0,0,0,0
Pool-Diff-02,补差额,人力外包,1900006,游戏工作室群,幻塔工作室,策划部,工资,0.00,0.00,0.00,0.00,0.00,0.00,0.00,0.00,0.00,0.00,0.00,"1,500.00","1,500.00"
Pool-Diff-02,补差额,人力外包,1900006,游戏工作室群,幻塔工作室,策划部,项目标签,-,-,-,-,-,-,-,-,-,-,-,-,-
HC-0015,须颖,人力外包,1900006,游戏工作室群,幻塔工作室,策划部,HC,1,1,1,1,1,1,1,1,1,1,1,1,1
HC-0015,须颖,人力外包,1900006,游戏工作室群,幻塔工作室,策划部,工资,"14,646.00","14,646.00","14,646.00","14,646.00","14,646.00","14,646.00","14,646.00","14,646.00","14,646.00","14,646.00","14,646.00","14,646.00","175,752.00"
HC-0015,须颖,人力外包,1900006,游戏工作室群,幻塔工作室,策划部,项目标签,基础技术中台,基础技术中台,基础技术中台,基础技术中台,基础技术中台,基础技术中台,基础技术中台,基础技术中台,基础技术中台,基础技术中台,基础技术中台,基础技术中台,-
HC-0014,宓哲,人力外包,1900006,游戏工作室群,幻塔工作室,策划部,HC,1,1,1,1,1,1,1,1,1,1,1,1,1
HC-0014,宓哲,人力外包,1900006,游戏工作室群,幻塔工作室,策划部,工资,"19,837.00","19,837.00","19,837.00","19,837.00","19,837.00","19,837.00","19,837.00","19,837.00","19,837.00","19,837.00","19,837.00","19,837.00","238,044.00"
HC-0014,宓哲,人力外包,1900006,游戏工作室群,幻塔工作室,策划部,项目标签,基础技术中台,基础技术中台,基础技术中台,基础技术中台,基础技术中台,基础技术中台,基础技术中台,基础技术中台,基础技术中台,基础技术中台,基础技术中台,基础技术中台,-
Pool-Diff-04,补差额,人力外包,1900006,游戏工作室群,幻塔工作室,程序部,HC,0,0,0,0,0,0,0,0,0,0,0,0,0
Pool-Diff-04,补差额,人力外包,1900006,游戏工作室群,幻塔工作室,程序部,工资,0.00,0.00,0.00,0.00,0.00,0.00,0.00,0.00,0.00,0.00,-800.00,-800.00,"-1,600.00"
Pool-Diff-04,补差额,人力外包,1900006,游戏工作室群,幻塔工作室,程序部,项目标签,-,-,-,-,-,-,-,-,-,-,-,-,-
HC-0030,艾松,人力外包,1900006,游戏工作室群,幻塔工作室,程序部,HC,1,1,1,1,1,1,1,1,1,1,1,1,1
HC-0030,艾松,人力外包,1900006,游戏工作室群,幻塔工作室,程序部,工资,"19,972.00","19,972.00","19,972.00","19,972.00","19,972.00","19,972.00","19,972.00","19,972.00","19,972.00","19,972.00","19,972.00","19,972.00","239,664.00"
HC-0030,艾松,人力外包,1900006,游戏工作室群,幻塔工作室,程序部,项目标签,商业化运营平台,商业化运营平台,商业化运营平台,商业化运营平台,商业化运营平台,商业化运营平台,商业化运营平台,商业化运营平台,商业化运营平台,商业化运营平台,商业化运营平台,商业化运营平台,-
HC-0029,汪玉梅,人力外包,1900006,游戏工作室群,幻塔工作室,程序部,HC,1,1,1,1,1,1,1,1,1,1,1,1,1
HC-0029,汪玉梅,人力外包,1900006,游戏工作室群,幻塔工作室,程序部,工资,"16,626.00","16,626.00","16,626.00","16,626.00","16,626.00","16,626.00","16,626.00","16,626.00","16,626.00","16,626.00","16,626.00","16,626.00","199,512.00"
HC-0029,汪玉梅,人力外包,1900006,游戏工作室群,幻塔工作室,程序部,项目标签,商业化运营平台,商业化运营平台,商业化运营平台,商业化运营平台,商业化运营平台,商业化运营平台,商业化运营平台,商业化运营平台,商业化运营平台,商业化运营平台,商业化运营平台,商业化运营平台,-
Pool-Diff-08,补差额,人力外包,1900006,游戏工作室群,幻塔工作室,测试部,HC,0,0,0,0,0,0,0,0,0,0,0,0,0
Pool-Diff-08,补差额,人力外包,1900006,游戏工作室群,幻塔工作室,测试部,工资,0.00,0.00,0.00,0.00,0.00,0.00,0.00,0.00,0.00,"1,500.00","1,500.00","1,500.00","4,500.00"
Pool-Diff-08,补差额,人力外包,1900006,游戏工作室群,幻塔工作室,测试部,项目标签,-,-,-,-,-,-,-,-,-,-,-,-,-
HC-0060,广士,人力外包,1900006,游戏工作室群,幻塔工作室,测试部,HC,1,1,1,1,1,1,1,1,1,1,1,1,1
HC-0060,广士,人力外包,1900006,游戏工作室群,幻塔工作室,测试部,工资,"15,608.00","15,608.00","15,608.00","15,608.00","15,608.00","15,608.00","15,608.00","15,608.00","15,608.00","15,608.00","15,608.00","15,608.00","187,296.00"
HC-0060,广士,人力外包,1900006,游戏工作室群,幻塔工作室,测试部,项目标签,商业化运营平台,商业化运营平台,商业化运营平台,商业化运营平台,商业化运营平台,商业化运营平台,商业化运营平台,商业化运营平台,商业化运营平台,商业化运营平台,商业化运营平台,商业化运营平台,-
HC-0059,窦裕,人力外包,1900006,游戏工作室群,幻塔工作室,测试部,HC,1,1,1,1,1,1,1,1,1,1,1,1,1
HC-0059,窦裕,人力外包,1900006,游戏工作室群,幻塔工作室,测试部,工资,"13,821.00","13,821.00","13,821.00","13,821.00","13,821.00","13,821.00","13,821.00","13,821.00","13,821.00","13,821.00","13,821.00","13,821.00","165,852.00"
HC-0059,窦裕,人力外包,1900006,游戏工作室群,幻塔工作室,测试部,项目标签,代号:远方,代号:远方,代号:远方,代号:远方,代号:远方,代号:远方,代号:远方,代号:远方,代号:远方,代号:远方,代号:远方,代号:远方,-
HC-0043,孙楠,实习生,1900006,游戏工作室群,幻塔工作室,美术部,HC,1,1,1,1,1,1,1,1,1,1,1,1,1
HC-0043,孙楠,实习生,1900006,游戏工作室群,幻塔工作室,美术部,工资,"3,512.00","3,512.00","3,512.00","3,512.00","3,512.00","3,512.00","3,512.00","3,512.00","3,512.00","3,512.00","3,512.00","3,512.00","42,144.00"
HC-0043,孙楠,实习生,1900006,游戏工作室群,幻塔工作室,美术部,饭补,400.00,400.00,400.00,400.00,400.00,400.00,400.00,400.00,400.00,400.00,400.00,400.00,"4,800.00"
HC-0043,孙楠,实习生,1900006,游戏工作室群,幻塔工作室,美术部,项目标签,代号:远方,代号:远方,代号:远方,代号:远方,代号:远方,代号:远方,代号:远方,代号:远方,代号:远方,代号:远方,代号:远方,代号:远方,-
HC-0042,杭雷,实习生,1900006,游戏工作室群,幻塔工作室,美术部,HC,1,1,1,1,1,1,1,1,1,1,1,1,1
HC-0042,杭雷,实习生,1900006,游戏工作室群,幻塔工作室,美术部,工资,"3,011.00","3,011.00","3,011.00","3,011.00","3,011.00","3,011.00","3,011.00","3,011.00","3,011.00","3,011.00","3,011.00","3,011.00","36,132.00"
HC-0042,杭雷,实习生,1900006,游戏工作室群,幻塔工作室,美术部,饭补,400.00,400.00,400.00,400.00,400.00,400.00,400.00,400.00,400.00,400.00,400.00,400.00,"4,800.00"
HC-0042,杭雷,实习生,1900006,游戏工作室群,幻塔工作室,美术部,项目标签,仙剑世界,仙剑世界,仙剑世界,仙剑世界,仙剑世界,仙剑世界,仙剑世界,仙剑世界,仙剑世界,仙剑世界,仙剑世界,仙剑世界,-
HC-0041,仲玲,实习生,1900006,游戏工作室群,幻塔工作室,美术部,HC,1,1,1,1,1,1,1,1,1,1,1,1,1
HC-0041,仲玲,实习生,1900006,游戏工作室群,幻塔工作室,美术部,工资,"4,089.00","4,089.00","4,089.00","4,089.00","4,089.00","4,089.00","4,089.00","4,089.00","4,089.00","4,089.00","4,089.00","4,089.00","49,068.00"
HC-0041,仲玲,实习生,1900006,游戏工作室群,幻塔工作室,美术部,饭补,400.00,400.00,400.00,400.00,400.00,400.00,400.00,400.00,400.00,400.00,400.00,400.00,"4,800.00"
HC-0041,仲玲,实习生,1900006,游戏工作室群,幻塔工作室,美术部,项目标签,幻塔重制版,幻塔重制版,幻塔重制版,幻塔重制版,幻塔重制版,幻塔重制版,幻塔重制版,幻塔重制版,幻塔重制版,幻塔重制版,幻塔重制版,幻塔重制版,-
HC-0013,禹鹏,实习生,1900006,游戏工作室群,幻塔工作室,策划部,HC,1,1,1,1,1,1,1,1,1,1,1,1,1
HC-0013,禹鹏,实习生,1900006,游戏工作室群,幻塔工作室,策划部,工资,"4,452.00","4,452.00","4,452.00","4,452.00","4,452.00","4,452.00","4,452.00","4,452.00","4,452.00","4,452.00","4,452.00","4,452.00","53,424.00"
HC-0013,禹鹏,实习生,1900006,游戏工作室群,幻塔工作室,策划部,饭补,400.00,400.00,400.00,400.00,400.00,400.00,400.00,400.00,400.00,400.00,400.00,400.00,"4,800.00"
HC-0013,禹鹏,实习生,1900006,游戏工作室群,幻塔工作室,策划部,项目标签,幻塔重制版,幻塔重制版,幻塔重制版,幻塔重制版,幻塔重制版,幻塔重制版,幻塔重制版,幻塔重制版,幻塔重制版,幻塔重制版,幻塔重制版,幻塔重制版,-
HC-0012,李昊,实习生,1900006,游戏工作室群,幻塔工作室,策划部,HC,1,1,1,1,1,1,1,1,1,1,1,1,1
HC-0012,李昊,实习生,1900006,游戏工作室群,幻塔工作室,策划部,工资,"3,742.00","3,742.00","3,742.00","3,742.00","3,742.00","3,742.00","3,742.00","3,742.00","3,742.00","3,742.00","3,742.00","3,742.00","44,904.00"
HC-0012,李昊,实习生,1900006,游戏工作室群,幻塔工作室,策划部,饭补,400.00,400.00,400.00,400.00,400.00,400.00,400.00,400.00,400.00,400.00,400.00,400.00,"4,800.00"
HC-0012,李昊,实习生,1900006,游戏工作室群,幻塔工作室,策划部,项目标签,基础技术中台,基础技术中台,基础技术中台,基础技术中台,基础技术中台,基础技术中台,基础技术中台,基础技术中台,基础技术中台,基础技术中台,基础技术中台,基础技术中台,-
HC-0011,丰善,实习生,1900006,游戏工作室群,幻塔工作室,策划部,HC,1,1,1,1,1,1,1,1,1,1,1,1,1
HC-0011,丰善,实习生,1900006,游戏工作室群,幻塔工作室,策划部,工资,"3,830.00","3,830.00","3,830.00","3,830.00","3,830.00","3,830.00","3,830.00","3,830.00","3,830.00","3,830.00","3,830.00","3,830.00","45,960.00"
HC-0011,丰善,实习生,1900006,游戏工作室群,幻塔工作室,策划部,饭补,400.00,400.00,400.00,400.00,400.00,400.00,400.00,400.00,400.00,400.00,400.00,400.00,"4,800.00"
HC-0011,丰善,实习生,1900006,游戏工作室群,幻塔工作室,策划部,项目标签,仙剑世界,仙剑世界,仙剑世界,仙剑世界,仙剑世界,仙剑世界,仙剑世界,仙剑世界,仙剑世界,仙剑世界,仙剑世界,仙剑世界,-
HC-0028,东斌,实习生,1900006,游戏工作室群,幻塔工作室,程序部,HC,1,1,1,1,1,1,1,1,1,1,1,1,1
HC-0028,东斌,实习生,1900006,游戏工作室群,幻塔工作室,程序部,工资,"4,111.00","4,111.00","4,111.00","4,111.00","4,111.00","4,111.00","4,111.00","4,111.00","4,111.00","4,111.00","4,111.00","4,111.00","49,332.00"
HC-0028,东斌,实习生,1900006,游戏工作室群,幻塔工作室,程序部,饭补,400.00,400.00,400.00,400.00,400.00,400.00,400.00,400.00,400.00,400.00,400.00,400.00,"4,800.00"
HC-0028,东斌,实习生,1900006,游戏工作室群,幻塔工作室,程序部,项目标签,商业化运营平台,商业化运营平台,商业化运营平台,商业化运营平台,商业化运营平台,商业化运营平台,商业化运营平台,商业化运营平台,商业化运营平台,商业化运营平台,商业化运营平台,商业化运营平台,-
HC-0027,乐泰,实习生,1900006,游戏工作室群,幻塔工作室,程序部,HC,1,1,1,1,1,1,1,1,1,1,1,1,1
HC-0027,乐泰,实习生,1900006,游戏工作室群,幻塔工作室,程序部,工资,"5,760.00","5,760.00","5,760.00","5,760.00","5,760.00","5,760.00","5,760.00","5,760.00","5,760.00","5,760.00","5,760.00","5,760.00","69,120.00"
HC-0027,乐泰,实习生,1900006,游戏工作室群,幻塔工作室,程序部,饭补,400.00,400.00,400.00,400.00,400.00,400.00,400.00,400.00,400.00,400.00,400.00,400.00,"4,800.00"
HC-0027,乐泰,实习生,1900006,游戏工作室群,幻塔工作室,程序部,项目标签,基础技术中台,基础技术中台,基础技术中台,基础技术中台,基础技术中台,基础技术中台,基础技术中台,基础技术中台,基础技术中台,基础技术中台,基础技术中台,基础技术中台,-
HC-0026,余建,实习生,1900006,游戏工作室群,幻塔工作室,程序部,HC,1,1,1,1,1,1,1,1,1,1,1,1,1
HC-0026,余建,实习生,1900006,游戏工作室群,幻塔工作室,程序部,工资,"5,264.00","5,264.00","5,264.00","5,264.00","5,264.00","5,264.00","5,264.00","5,264.00","5,264.00","5,264.00","5,264.00","5,264.00","63,168.00"
HC-0026,余建,实习生,1900006,游戏工作室群,幻塔工作室,程序部,饭补,400.00,400.00,400.00,400.00,400.00,400.00,400.00,400.00,400.00,400.00,400.00,400.00,"4,800.00"
HC-0026,余建,实习生,1900006,游戏工作室群,幻塔工作室,程序部,项目标签,仙剑世界,仙剑世界,仙剑世界,仙剑世界,仙剑世界,仙剑世界,仙剑世界,仙剑世界,仙剑世界,仙剑世界,仙剑世界,仙剑世界,-
HC-0058,怀杰,实习生,1900006,游戏工作室群,幻塔工作室,测试部,HC,1,1,1,1,1,1,1,1,1,1,1,1,1
HC-0058,怀杰,实习生,1900006,游戏工作室群,幻塔工作室,测试部,工资,"3,145.00","3,145.00","3,145.00","3,145.00","3,145.00","3,145.00","3,145.00","3,145.00","3,145.00","3,145.00","3,145.00","3,145.00","37,740.00"
HC-0058,怀杰,实习生,1900006,游戏工作室群,幻塔工作室,测试部,饭补,400.00,400.00,400.00,400.00,400.00,400.00,400.00,400.00,400.00,400.00,400.00,400.00,"4,800.00"
HC-0058,怀杰,实习生,1900006,游戏工作室群,幻塔工作室,测试部,项目标签,代号:远方,代号:远方,代号:远方,代号:远方,代号:远方,代号:远方,代号:远方,代号:远方,代号:远方,代号:远方,代号:远方,代号:远方,-
HC-0057,洪明,实习生,1900006,游戏工作室群,幻塔工作室,测试部,HC,1,1,1,1,1,1,1,1,1,1,1,1,1
HC-0057,洪明,实习生,1900006,游戏工作室群,幻塔工作室,测试部,工资,"5,800.00","5,800.00","5,800.00","5,800.00","5,800.00","5,800.00","5,800.00","5,800.00","5,800.00","5,800.00","5,800.00","5,800.00","69,600.00"
HC-0057,洪明,实习生,1900006,游戏工作室群,幻塔工作室,测试部,饭补,400.00,400.00,400.00,400.00,400.00,400.00,400.00,400.00,400.00,400.00,400.00,400.00,"4,800.00"
HC-0057,洪明,实习生,1900006,游戏工作室群,幻塔工作室,测试部,项目标签,商业化运营平台,商业化运营平台,商业化运营平台,商业化运营平台,商业化运营平台,商业化运营平台,商业化运营平台,商业化运营平台,商业化运营平台,商业化运营平台,商业化运营平台,商业化运营平台,-
HC-0056,水言,实习生,1900006,游戏工作室群,幻塔工作室,测试部,HC,1,1,1,1,1,1,1,1,1,1,1,1,1
HC-0056,水言,实习生,1900006,游戏工作室群,幻塔工作室,测试部,工资,"5,345.00","5,345.00","5,345.00","5,345.00","5,345.00","5,345.00","5,345.00","5,345.00","5,345.00","5,345.00","5,345.00","5,345.00","64,140.00"
HC-0056,水言,实习生,1900006,游戏工作室群,幻塔工作室,测试部,饭补,400.00,400.00,400.00,400.00,400.00,400.00,400.00,400.00,400.00,400.00,400.00,400.00,"4,800.00"
HC-0056,水言,实习生,1900006,游戏工作室群,幻塔工作室,测试部,项目标签,星云引擎,星云引擎,星云引擎,星云引擎,星云引擎,星云引擎,星云引擎,星云引擎,星云引擎,星云引擎,星云引擎,星云引擎,-
Dept-Budget-05,部门级预算,部门级预算,1900006,游戏工作室群,幻塔工作室,,加班费,-,-,-,-,-,-,-,-,-,-,-,-,"40,436.00"
Dept-Budget-05,部门级预算,部门级预算,1900006,游戏工作室群,幻塔工作室,,离职补偿金,-,-,-,-,-,-,-,-,-,-,-,-,"74,308.00"
Dept-Budget-05,部门级预算,部门级预算,1900006,游戏工作室群,幻塔工作室,,签约金,0.00,"30,864.00",0.00,0.00,0.00,0.00,0.00,0.00,0.00,0.00,0.00,0.00,"30,864.00"
Dept-Budget-03,部门级预算,部门级预算,1900006,游戏工作室群,幻塔工作室,美术部,加班费,-,-,-,-,-,-,-,-,-,-,-,-,"89,933.00"
Dept-Budget-03,部门级预算,部门级预算,1900006,游戏工作室群,幻塔工作室,美术部,离职补偿金,-,-,-,-,-,-,-,-,-,-,-,-,"98,554.00"
Dept-Budget-03,部门级预算,部门级预算,1900006,游戏工作室群,幻塔工作室,美术部,签约金,0.00,0.00,0.00,0.00,0.00,0.00,"19,750.00",0.00,0.00,0.00,0.00,0.00,"19,750.00"
Dept-Budget-01,部门级预算,部门级预算,1900006,游戏工作室群,幻塔工作室,策划部,加班费,-,-,-,-,-,-,-,-,-,-,-,-,"51,196.00"
Dept-Budget-01,部门级预算,部门级预算,1900006,游戏工作室群,幻塔工作室,策划部,离职补偿金,-,-,-,-,-,-,-,-,-,-,-,-,"133,614.00"
Dept-Budget-01,部门级预算,部门级预算,1900006,游戏工作室群,幻塔工作室,策划部,签约金,0.00,0.00,0.00,0.00,"14,019.00",0.00,0.00,0.00,0.00,0.00,0.00,0.00,"14,019.00"
Dept-Budget-02,部门级预算,部门级预算,1900006,游戏工作室群,幻塔工作室,程序部,加班费,-,-,-,-,-,-,-,-,-,-,-,-,"89,147.00"
Dept-Budget-02,部门级预算,部门级预算,1900006,游戏工作室群,幻塔工作室,程序部,离职补偿金,-,-,-,-,-,-,-,-,-,-,-,-,"179,969.00"
Dept-Budget-02,部门级预算,部门级预算,1900006,游戏工作室群,幻塔工作室,程序部,签约金,0.00,0.00,0.00,0.00,"23,018.00",0.00,0.00,0.00,0.00,0.00,0.00,0.00,"23,018.00"
Dept-Budget-04,部门级预算,部门级预算,1900006,游戏工作室群,幻塔工作室,测试部,加班费,-,-,-,-,-,-,-,-,-,-,-,-,"89,665.00"
Dept-Budget-04,部门级预算,部门级预算,1900006,游戏工作室群,幻塔工作室,测试部,离职补偿金,-,-,-,-,-,-,-,-,-,-,-,-,"184,265.00"
Dept-Budget-04,部门级预算,部门级预算,1900006,游戏工作室群,幻塔工作室,测试部,签约金,"22,163.00",0.00,0.00,0.00,0.00,0.00,0.00,0.00,0.00,0.00,0.00,0.00,"22,163.00"
